like_id,user_id,post_id,created_at
1,156,859,2022-03-21 17:56:20
2,106,267,2022-05-11 08:46:55
3,131,668,2023-07-10 15:25:34
4,313,573,2022-10-12 04:31:58
5,446,415,2023-06-16 10:52:12
6,163,118,2022-11-17 02:49:38
7,174,380,2021-07-06 01:37:18
8,194,154,2021-10-19 08:44:14
9,109,719,2020-03-03 00:41:42
10,201,693,2020-04-01 12:11:41
11,271,725,2020-06-30 09:18:55
12,180,303,2022-10-12 01:25:51
13,114,700,2022-01-07 05:37:49
14,28,299,2020-04-02 10:55:25
15,471,684,2023-07-10 22:27:40
16,270,214,2023-01-06 15:45:36
17,236,204,2020-12-25 20:59:47
18,430,291,2023-02-02 07:04:03
19,242,175,2023-06-12 21:24:21
20,499,638,2021-06-01 18:06:49
21,215,154,2022-07-16 18:06:55
22,313,479,2023-11-11 23:55:43
23,478,763,2020-03-19 01:01:29
24,474,353,2020-12-08 00:41:26
25,477,691,2022-09-28 18:53:58
26,118,749,2020-12-05 04:37:53
27,106,864,2023-12-11 12:31:03
28,22,138,2023-07-28 02:11:10
29,391,359,2023-06-26 17:59:44
30,216,362,2022-09-11 12:52:45
31,67,796,2021-09-09 22:58:57
32,119,630,2020-09-25 22:14:36
33,238,731,2022-01-16 06:36:05
34,207,738,2020-08-26 07:23:26
35,49,391,2022-05-11 17:00:59
36,29,434,2022-08-12 20:43:05
37,391,487,2020-02-24 06:18:24
38,431,37,2022-03-18 08:17:15
39,150,748,2020-04-27 01:31:42
40,317,178,2022-01-03 08:43:18
41,437,907,2020-09-24 08:10:45
42,236,84,2023-06-06 12:03:38
43,411,883,2020-06-13 13:08:12
44,194,207,2021-03-17 23:52:37
45,22,370,2022-06-10 01:53:32
46,363,619,2021-11-23 19:40:44
47,250,589,2020-06-26 18:52:31
48,195,452,2022-04-01 16:01:35
49,257,249,2021-08-14 09:05:34
50,301,692,2021-12-21 04:06:16
51,71,655,2022-09-13 07:19:25
52,441,224,2022-11-07 12:06:27
53,138,610,2021-01-21 12:13:49
54,276,800,2022-06-22 23:11:01
55,182,635,2023-10-03 12:18:09
56,75,374,2023-10-08 03:59:16
57,442,597,2023-03-30 03:16:42
58,431,122,2020-04-23 23:46:25
59,488,776,2022-03-25 18:10:14
60,102,616,2020-10-06 03:28:35
61,369,838,2023-04-24 09:29:17
62,133,972,2021-03-25 13:03:24
63,371,812,2022-11-02 10:38:23
64,1,89,2023-01-25 08:45:44
65,101,348,2023-10-21 11:01:04
66,49,945,2022-09-30 03:33:24
67,261,714,2021-04-18 21:24:16
68,298,729,2022-05-20 11:33:03
69,124,642,2021-04-04 12:17:44
70,280,132,2020-07-20 20:21:37
71,83,516,2021-12-05 18:44:34
72,308,684,2021-07-17 02:13:08
73,276,347,2023-12-15 21:25:24
74,448,501,2022-10-31 18:10:54
75,159,620,2022-04-14 15:40:27
76,80,274,2022-10-07 16:44:28
77,101,295,2022-04-28 11:49:18
78,165,780,2020-11-18 00:55:56
79,47,894,2020-04-20 10:46:35
80,285,500,2021-11-21 12:25:00
81,487,476,2023-06-13 02:26:57
82,179,533,2023-11-07 13:36:23
83,170,42,2021-01-10 10:53:35
84,95,906,2021-10-02 17:58:47
85,143,29,2023-02-25 19:24:13
86,164,477,2020-11-02 00:36:37
87,188,594,2022-10-25 08:42:16
88,462,134,2022-04-06 00:23:16
89,496,512,2022-08-01 08:05:31
90,46,644,2021-05-23 10:08:48
91,20,753,2021-06-07 05:34:18
92,494,170,2021-02-15 04:39:08
93,399,84,2021-02-18 21:35:09
94,208,907,2022-10-20 14:05:55
95,270,47,2021-07-13 09:36:55
96,117,676,2021-08-06 01:00:21
97,467,205,2021-05-15 17:21:05
98,84,526,2021-09-09 21:19:39
99,65,118,2022-07-02 13:11:27
100,158,843,2023-05-19 02:03:18
101,434,794,2022-04-08 12:00:23
102,231,852,2020-12-28 06:24:22
103,435,725,2022-04-19 01:53:41
104,274,795,2020-11-29 09:41:28
105,419,143,2020-04-24 09:39:18
106,473,73,2022-01-22 20:54:46
107,159,76,2021-02-03 18:19:58
108,390,965,2021-04-10 18:57:23
109,30,144,2022-09-13 16:53:00
110,287,491,2022-01-10 16:59:08
111,308,831,2023-10-03 06:34:29
112,491,909,2020-07-21 03:39:00
113,211,763,2022-11-17 04:58:19
114,260,382,2020-09-14 13:47:54
115,63,512,2020-08-15 00:09:23
116,341,415,2023-12-26 11:01:19
117,321,409,2022-02-21 19:22:32
118,279,885,2020-01-09 09:53:01
119,151,44,2020-10-18 16:29:05
120,167,248,2022-03-05 15:46:54
121,295,854,2023-06-14 15:01:31
122,160,932,2021-04-06 00:53:13
123,213,845,2021-02-25 17:39:09
124,402,514,2022-12-25 23:20:18
125,458,545,2020-10-12 20:20:08
126,283,998,2020-11-06 03:17:33
127,20,253,2023-08-15 00:30:36
128,356,622,2020-03-31 18:54:47
129,17,177,2022-04-01 08:10:19
130,213,580,2021-04-14 06:02:46
131,241,723,2022-05-13 09:58:23
132,247,773,2022-06-30 02:51:48
133,232,948,2023-10-16 10:31:03
134,131,192,2022-07-13 23:51:44
135,300,708,2021-09-30 12:25:03
136,271,370,2020-11-25 17:20:26
137,250,182,2023-02-21 16:52:21
138,124,566,2022-05-07 07:54:16
139,191,74,2022-02-20 05:04:40
140,157,202,2021-06-08 18:54:23
141,208,370,2023-04-03 16:17:38
142,463,295,2023-10-10 06:02:30
143,292,589,2021-03-23 05:27:51
144,366,914,2021-12-09 00:47:06
145,51,506,2020-05-03 18:09:03
146,463,699,2021-01-26 19:55:45
147,64,412,2020-02-03 21:55:10
148,102,782,2020-03-12 16:04:19
149,286,189,2020-12-25 19:50:30
150,333,430,2022-10-20 10:04:31
151,334,61,2023-12-19 05:07:17
152,364,33,2023-06-30 14:10:24
153,213,524,2021-04-29 13:30:39
154,456,918,2022-11-26 07:52:47
155,470,779,2023-09-15 10:19:25
156,452,124,2020-12-16 07:49:51
157,78,413,2021-11-12 15:51:26
158,483,709,2023-07-20 23:26:04
159,343,263,2021-09-07 22:14:17
160,471,381,2023-12-18 13:23:07
161,475,562,2023-06-20 21:39:17
162,84,358,2021-10-12 14:41:46
163,467,116,2020-05-09 04:35:39
164,36,32,2022-06-13 09:51:01
165,392,77,2022-06-16 18:16:38
166,101,18,2022-05-01 21:38:24
167,238,541,2023-03-02 00:03:20
168,331,656,2020-09-20 04:17:05
169,411,549,2020-12-27 00:28:50
170,211,736,2023-04-18 09:48:30
171,34,875,2022-01-05 03:48:29
172,226,818,2022-09-13 10:45:53
173,36,938,2020-11-20 01:43:02
174,178,583,2020-11-05 15:11:45
175,84,273,2020-03-15 18:38:43
176,79,71,2020-08-23 08:05:58
177,454,550,2020-02-27 22:00:40
178,64,159,2021-05-14 00:01:14
179,179,240,2021-07-26 08:46:48
180,221,452,2020-08-08 20:56:20
181,195,767,2021-10-06 13:39:37
182,114,349,2023-01-16 22:14:16
183,86,732,2021-05-29 10:39:47
184,1,479,2023-10-06 18:36:18
185,500,476,2022-03-21 10:45:44
186,188,239,2020-03-11 22:34:39
187,191,179,2022-01-25 11:39:49
188,98,801,2021-10-13 06:45:55
189,250,852,2022-07-01 07:30:16
190,166,329,2020-07-31 12:40:04
191,233,957,2021-07-02 09:01:27
192,29,506,2022-04-29 18:08:02
193,470,570,2020-01-14 03:52:12
194,14,387,2021-11-23 19:34:34
195,320,381,2023-06-06 10:01:02
196,116,852,2022-12-22 08:49:33
197,28,427,2021-06-10 14:38:03
198,418,337,2022-08-14 01:50:36
199,287,669,2021-06-02 11:25:17
200,141,542,2022-05-10 10:38:53
201,318,645,2023-09-06 07:03:14
202,137,708,2023-07-02 01:29:49
203,280,328,2022-03-29 20:36:49
204,237,868,2021-05-25 15:18:55
205,478,381,2021-11-26 00:29:41
206,457,757,2021-12-10 13:01:15
207,195,722,2020-06-15 19:07:40
208,491,391,2022-11-14 00:38:01
209,201,571,2023-08-06 11:59:45
210,202,217,2023-02-28 10:14:45
211,151,857,2023-09-17 19:01:51
212,93,196,2022-06-21 19:39:36
213,275,409,2021-04-15 01:15:48
214,395,222,2021-04-01 12:13:20
215,500,210,2021-02-05 06:55:28
216,21,626,2020-12-28 02:42:15
217,142,352,2022-01-11 23:05:32
218,102,498,2022-01-06 12:32:27
219,345,937,2020-12-19 14:30:53
220,465,552,2020-10-27 17:24:44
221,191,833,2021-10-24 02:18:03
222,202,391,2022-02-09 06:11:06
223,41,177,2021-03-30 21:49:20
224,207,778,2021-06-23 11:36:28
225,481,298,2020-05-25 20:34:13
226,111,291,2020-12-15 23:41:04
227,487,807,2020-05-04 04:29:07
228,297,279,2021-03-21 07:24:17
229,160,531,2022-11-04 05:43:33
230,235,619,2020-08-23 04:18:26
231,4,579,2022-07-13 23:58:10
232,465,627,2023-04-03 09:06:55
233,125,840,2020-06-23 09:19:58
234,171,844,2022-11-07 18:37:56
235,263,262,2021-01-16 00:34:39
236,363,879,2023-01-23 06:30:49
237,415,794,2023-11-01 01:22:25
238,20,754,2022-10-22 04:19:53
239,216,887,2023-10-03 07:31:35
240,88,505,2022-06-04 18:02:34
241,61,409,2021-10-08 17:45:29
242,364,57,2022-03-20 13:17:33
243,487,605,2021-03-03 18:00:19
244,329,896,2020-11-16 10:07:32
245,180,305,2023-01-14 10:08:22
246,447,517,2022-10-06 02:55:03
247,238,466,2022-10-26 22:17:28
248,320,352,2023-03-02 15:08:12
249,448,380,2023-01-15 06:36:37
250,242,622,2022-01-01 18:54:11
251,3,536,2021-09-06 08:16:39
252,300,689,2023-04-18 19:45:38
253,334,221,2021-04-13 05:38:05
254,322,610,2022-08-23 13:41:00
255,388,782,2020-08-24 18:13:48
256,96,61,2022-05-14 09:31:47
257,353,226,2022-07-11 13:30:41
258,43,904,2020-02-21 05:03:23
259,91,104,2022-02-10 02:13:13
260,181,940,2022-10-31 03:35:55
261,402,876,2023-06-18 17:26:16
262,243,957,2023-03-21 01:45:01
263,362,196,2021-09-14 23:04:29
264,298,999,2021-08-06 23:57:28
265,100,862,2023-09-01 08:15:52
266,46,503,2023-02-22 11:46:50
267,124,729,2022-05-17 12:54:14
268,127,906,2022-06-27 00:05:50
269,52,658,2022-11-21 17:10:33
270,77,55,2020-01-17 02:55:58
271,106,121,2021-07-03 12:16:47
272,230,519,2021-03-31 13:59:41
273,205,316,2022-06-02 17:16:14
274,303,498,2020-02-15 16:57:06
275,160,605,2020-06-25 02:18:29
276,317,374,2020-06-20 06:00:45
277,489,15,2022-12-02 12:09:29
278,59,947,2020-07-22 13:56:47
279,436,414,2023-08-24 13:35:31
280,370,686,2022-07-27 04:34:29
281,177,342,2020-02-11 20:47:52
282,349,845,2021-01-28 21:47:45
283,270,98,2020-03-19 13:24:19
284,436,706,2021-09-16 14:28:39
285,10,993,2023-02-02 20:21:05
286,27,440,2020-08-27 22:18:50
287,455,251,2022-11-07 02:13:41
288,176,945,2020-06-16 22:17:22
289,394,434,2021-07-25 10:00:43
290,11,947,2020-01-23 02:50:22
291,180,793,2021-09-12 13:16:57
292,287,501,2022-08-08 22:36:35
293,282,699,2020-12-28 01:33:07
294,94,646,2021-11-22 06:46:20
295,327,166,2021-05-28 10:46:22
296,275,113,2023-10-18 20:29:58
297,334,722,2023-02-09 13:01:04
298,303,64,2023-06-26 06:00:03
299,303,511,2020-12-06 01:27:02
300,328,285,2023-01-27 09:16:37
301,213,128,2022-11-26 11:26:14
302,254,941,2021-04-22 12:32:32
303,75,116,2023-12-18 01:11:02
304,150,475,2021-03-15 20:57:24
305,317,274,2020-02-25 01:03:09
306,322,87,2023-08-14 10:58:16
307,222,725,2023-05-02 15:04:57
308,330,577,2023-03-10 09:16:22
309,409,483,2022-09-08 06:29:39
310,36,435,2023-03-26 07:28:59
311,80,243,2023-07-29 05:53:50
312,129,560,2022-01-15 06:52:35
313,192,228,2022-10-23 11:28:39
314,452,582,2021-09-17 01:44:33
315,185,73,2020-02-24 18:11:47
316,42,325,2020-01-05 06:16:36
317,132,684,2022-11-01 03:18:31
318,389,859,2020-12-19 21:12:41
319,50,517,2022-04-24 07:50:32
320,241,932,2022-09-23 18:25:32
321,278,387,2021-05-16 17:25:05
322,479,186,2020-08-26 13:20:31
323,128,116,2023-10-18 21:20:01
324,85,762,2023-06-16 01:14:17
325,488,883,2020-09-14 21:50:22
326,57,302,2021-01-20 17:57:16
327,13,5,2020-05-18 23:44:50
328,393,588,2023-10-22 07:20:50
329,284,215,2021-09-17 05:55:24
330,356,818,2023-05-10 07:56:50
331,481,282,2022-09-01 17:47:57
332,443,890,2022-08-25 15:13:43
333,492,514,2020-12-02 16:31:54
334,13,382,2021-12-25 14:33:59
335,413,462,2022-01-26 16:14:27
336,477,757,2021-10-17 01:18:57
337,339,690,2022-05-18 01:58:50
338,430,947,2022-09-04 01:55:14
339,303,472,2023-06-10 06:18:19
340,254,354,2021-10-28 20:31:46
341,499,816,2021-07-05 18:34:10
342,24,265,2022-11-21 01:36:05
343,232,9,2022-03-11 09:33:59
344,273,105,2022-02-26 07:02:50
345,159,717,2023-04-16 18:58:01
346,116,759,2020-09-26 19:03:55
347,4,67,2023-04-07 21:09:55
348,302,198,2023-12-18 12:46:39
349,79,61,2021-01-17 05:21:27
350,132,431,2020-10-23 22:33:17
351,107,662,2021-11-17 02:11:50
352,352,334,2021-12-05 13:53:49
353,117,934,2021-12-25 11:11:35
354,252,360,2022-01-12 09:29:04
355,380,173,2023-01-02 09:48:35
356,322,116,2022-09-10 07:24:13
357,73,26,2021-10-15 01:48:36
358,377,496,2022-08-25 23:17:33
359,119,600,2021-10-29 14:34:22
360,178,356,2020-05-03 15:09:04
361,309,115,2020-08-31 17:25:23
362,126,176,2021-12-07 07:37:41
363,418,717,2021-07-02 01:42:01
364,149,507,2023-07-21 14:19:24
365,228,641,2021-07-02 06:13:56
366,50,258,2021-06-27 16:00:31
367,388,22,2022-07-09 09:40:25
368,408,95,2021-06-22 06:56:53
369,154,361,2020-01-04 02:24:58
370,81,3,2022-03-27 02:11:46
371,44,484,2020-05-31 22:08:43
372,418,955,2020-09-18 17:16:46
373,124,519,2022-12-19 23:57:27
374,47,341,2023-07-15 22:05:43
375,276,340,2023-02-22 19:35:49
376,281,371,2020-05-26 16:18:11
377,177,250,2021-06-03 10:05:01
378,178,316,2023-12-16 15:34:16
379,470,760,2021-08-04 01:34:02
380,332,335,2021-05-10 11:32:12
381,498,895,2021-02-01 10:39:45
382,87,259,2020-02-27 15:44:51
383,485,973,2023-01-26 15:13:20
384,101,748,2022-07-10 00:29:15
385,9,637,2023-04-20 16:15:16
386,273,809,2020-02-24 01:32:38
387,37,356,2021-12-07 23:59:09
388,465,260,2023-01-27 22:53:21
389,309,386,2022-09-14 10:49:26
390,274,913,2021-03-10 19:24:21
391,412,294,2021-05-15 02:59:42
392,370,530,2022-12-18 13:27:31
393,234,91,2023-11-06 23:59:05
394,171,27,2022-06-17 00:26:16
395,407,438,2021-02-15 02:17:37
396,483,414,2020-02-09 11:20:07
397,191,93,2023-05-29 19:28:16
398,21,232,2023-11-18 12:33:38
399,460,633,2023-06-19 20:22:48
400,107,218,2023-05-26 04:59:09
401,351,793,2020-10-02 20:38:25
402,177,331,2022-09-29 21:30:41
403,178,778,2020-07-17 12:47:47
404,34,838,2022-06-07 08:07:35
405,150,24,2020-09-26 12:44:19
406,9,736,2020-02-15 11:20:53
407,328,409,2021-04-23 11:17:22
408,120,509,2022-07-27 10:43:23
409,42,853,2023-12-16 13:22:29
410,170,609,2020-02-24 20:36:10
411,4,531,2022-01-26 00:57:55
412,404,356,2022-12-03 12:20:52
413,291,967,2023-12-29 00:22:05
414,23,67,2021-08-10 12:08:59
415,9,163,2021-05-25 05:09:59
416,96,195,2021-03-14 17:05:09
417,347,433,2021-07-12 23:48:49
418,138,559,2022-08-12 18:08:32
419,34,177,2020-06-23 23:25:18
420,426,715,2020-12-26 08:43:38
421,256,367,2020-10-18 03:56:07
422,333,535,2020-07-06 04:24:24
423,80,947,2022-02-27 00:35:40
424,379,143,2020-06-23 08:08:36
425,33,350,2023-06-12 16:19:18
426,325,335,2021-04-04 14:11:04
427,125,503,2021-10-23 01:51:06
428,143,623,2023-07-21 08:36:17
429,409,811,2021-08-21 07:03:10
430,384,81,2021-04-07 21:04:57
431,198,84,2022-04-15 08:45:21
432,134,828,2020-01-02 20:35:05
433,492,611,2020-04-26 19:48:53
434,345,853,2020-12-28 17:06:17
435,213,111,2022-05-15 20:25:10
436,366,556,2022-03-09 16:21:10
437,108,486,2022-08-30 02:34:20
438,293,381,2022-10-25 19:34:48
439,446,40,2021-11-09 13:55:22
440,159,625,2022-03-11 13:48:52
441,235,269,2023-09-17 09:05:06
442,211,588,2020-12-26 20:21:23
443,119,231,2021-12-02 13:05:54
444,12,293,2020-09-04 11:46:38
445,461,860,2022-08-25 00:29:41
446,32,337,2023-09-16 10:07:27
447,494,75,2021-09-23 13:56:40
448,110,475,2020-09-04 20:10:25
449,342,377,2022-10-17 10:05:34
450,329,492,2022-12-19 03:15:27
451,213,348,2020-08-28 20:42:20
452,150,489,2023-09-21 17:48:18
453,49,688,2022-06-22 17:55:13
454,273,801,2023-09-02 08:01:52
455,475,261,2023-01-08 18:24:33
456,98,864,2022-04-11 05:13:25
457,402,643,2022-11-15 20:17:17
458,76,954,2022-01-27 23:47:03
459,471,862,2020-03-10 05:06:54
460,372,12,2020-06-10 06:28:45
461,76,309,2022-10-06 02:13:12
462,170,417,2023-07-10 17:44:59
463,391,510,2021-01-08 08:51:43
464,355,949,2023-03-25 09:58:20
465,438,41,2021-02-20 01:24:02
466,205,556,2022-07-02 08:48:06
467,444,608,2020-07-23 12:57:42
468,32,79,2020-11-15 02:01:11
469,390,451,2022-09-29 16:14:01
470,428,762,2023-09-23 15:17:23
471,17,327,2020-07-25 16:40:10
472,332,855,2021-04-04 10:04:45
473,400,735,2020-02-03 22:39:26
474,359,923,2020-10-07 15:05:57
475,190,729,2021-03-04 16:08:02
476,350,391,2020-01-22 11:13:08
477,449,458,2021-03-31 01:13:04
478,448,770,2020-08-19 06:05:21
479,282,616,2020-07-19 16:50:55
480,27,484,2022-08-19 17:55:59
481,130,832,2020-10-08 12:33:57
482,266,934,2021-12-11 02:18:47
483,297,731,2022-06-19 13:56:15
484,97,985,2021-03-15 16:12:11
485,185,411,2020-06-08 22:20:45
486,261,323,2022-01-17 13:39:34
487,305,834,2023-07-16 16:44:04
488,376,635,2021-09-16 03:21:49
489,393,879,2023-09-19 00:08:02
490,326,828,2022-05-26 20:41:58
491,243,80,2020-06-25 22:29:49
492,337,141,2020-09-25 00:26:00
493,165,525,2023-01-28 21:50:00
494,194,484,2023-11-09 17:57:27
495,143,110,2023-06-06 17:20:24
496,148,100,2020-05-17 02:02:08
497,280,478,2022-05-25 23:40:29
498,500,628,2022-08-07 14:16:32
499,499,242,2021-07-28 20:29:53
500,460,509,2023-11-11 02:48:27
501,324,616,2020-01-24 23:00:27
502,431,777,2022-02-28 01:49:43
503,357,275,2023-07-20 13:21:34
504,198,694,2022-08-17 11:39:21
505,98,109,2023-06-24 17:48:23
506,4,455,2022-01-15 19:42:44
507,373,375,2021-07-29 08:31:44
508,369,924,2021-10-03 09:05:22
509,441,694,2023-12-14 17:55:04
510,141,168,2022-08-05 19:31:19
511,378,735,2022-04-09 23:51:34
512,97,629,2021-02-01 09:18:43
513,288,14,2022-09-09 03:07:11
514,478,198,2023-09-28 00:58:29
515,70,614,2020-06-30 00:31:00
516,203,186,2020-12-21 19:31:46
517,176,36,2022-11-20 03:51:30
518,298,866,2022-05-30 03:29:20
519,200,187,2021-05-09 00:13:16
520,72,424,2022-02-11 23:11:38
521,113,512,2021-08-03 10:08:35
522,256,654,2023-08-06 15:50:39
523,155,284,2022-09-11 14:01:32
524,405,584,2022-09-23 05:20:20
525,222,292,2023-03-27 14:06:58
526,495,587,2022-03-12 01:08:03
527,375,163,2021-08-15 08:25:56
528,250,38,2021-01-01 16:53:38
529,453,229,2023-07-02 01:36:03
530,113,530,2022-02-23 20:47:44
531,277,834,2023-12-17 23:17:13
532,217,486,2020-01-18 10:24:58
533,484,296,2021-09-05 04:44:07
534,191,669,2021-04-19 12:29:56
535,356,208,2021-07-05 22:23:20
536,500,137,2020-06-16 05:11:58
537,405,154,2022-06-10 01:52:54
538,274,542,2022-02-05 08:26:41
539,157,472,2021-11-12 03:52:19
540,65,207,2022-10-28 16:28:28
541,442,56,2023-01-16 21:07:25
542,284,45,2023-06-07 07:31:13
543,251,399,2022-09-17 23:05:36
544,7,11,2021-09-24 06:27:36
545,15,993,2021-06-24 18:04:26
546,358,864,2022-12-20 05:17:26
547,86,758,2022-10-14 23:08:04
548,424,68,2020-12-23 03:41:34
549,32,460,2020-09-29 21:55:48
550,225,327,2023-12-15 05:52:07
551,153,910,2021-07-12 07:13:32
552,491,704,2021-08-31 09:40:49
553,208,316,2023-05-18 18:13:01
554,90,926,2023-04-09 17:51:31
555,398,313,2022-06-26 12:16:09
556,345,274,2023-08-27 10:03:42
557,257,660,2020-04-01 09:01:38
558,392,917,2023-01-15 20:29:14
559,158,951,2020-04-07 06:12:53
560,65,531,2022-10-03 04:15:03
561,230,83,2020-08-09 16:27:35
562,92,173,2023-03-14 06:07:10
563,258,646,2021-09-19 11:42:20
564,223,476,2021-06-08 00:43:47
565,86,727,2022-08-03 19:43:52
566,205,235,2021-10-05 07:04:15
567,173,943,2023-01-15 08:00:56
568,34,862,2020-10-10 04:21:59
569,478,996,2020-01-29 15:43:42
570,272,271,2022-10-14 03:00:12
571,12,668,2022-09-25 19:15:15
572,364,573,2020-04-10 16:41:29
573,381,312,2022-11-25 19:38:00
574,419,741,2021-02-02 17:54:06
575,2,932,2022-02-13 07:56:36
576,200,190,2022-05-07 14:22:22
577,7,697,2023-11-08 16:47:54
578,173,783,2020-03-26 17:07:33
579,206,190,2021-10-24 06:10:06
580,496,510,2020-12-18 22:33:39
581,23,899,2023-08-21 19:17:28
582,351,128,2022-07-27 18:56:32
583,447,146,2023-10-20 05:36:36
584,472,207,2022-08-22 17:27:10
585,204,540,2021-03-22 10:40:37
586,350,488,2023-10-14 19:55:48
587,337,795,2020-10-26 07:55:23
588,181,764,2023-02-25 16:53:41
589,33,809,2021-04-10 02:28:43
590,241,128,2023-04-23 15:12:47
591,96,248,2022-05-13 03:22:45
592,247,958,2023-04-11 22:07:30
593,256,36,2020-05-08 13:34:25
594,223,836,2023-08-24 08:00:17
595,30,303,2020-10-21 11:53:44
596,53,205,2023-05-15 18:48:08
597,223,496,2022-04-05 05:55:30
598,284,925,2020-12-02 06:31:49
599,499,444,2021-05-05 03:30:29
600,472,78,2021-10-19 00:19:14
601,37,868,2023-07-09 21:47:04
602,371,147,2022-02-11 14:43:18
603,409,50,2023-12-27 11:58:08
604,323,95,2020-05-05 02:53:14
605,489,898,2020-06-10 15:17:24
606,408,351,2021-03-12 10:30:59
607,52,925,2022-12-10 14:14:58
608,128,464,2022-10-06 06:51:31
609,349,303,2021-08-16 05:46:54
610,100,23,2021-03-24 18:09:07
611,492,409,2023-06-22 09:32:32
612,258,856,2021-09-10 04:30:25
613,93,650,2022-02-06 13:41:46
614,316,628,2020-09-12 15:03:05
615,22,771,2022-08-18 18:30:28
616,121,917,2021-07-13 05:56:50
617,142,499,2023-12-13 21:33:17
618,63,170,2022-05-29 18:50:07
619,28,82,2021-06-01 13:20:54
620,249,854,2021-07-28 04:00:33
621,302,292,2022-11-24 07:46:32
622,174,722,2022-04-06 10:07:12
623,411,276,2021-03-01 10:50:21
624,450,169,2020-11-27 09:04:45
625,316,161,2022-04-21 23:57:42
626,315,895,2023-12-21 15:54:43
627,248,794,2022-10-21 20:07:47
628,371,86,2020-09-17 16:43:09
629,401,695,2022-12-07 23:20:24
630,114,256,2022-12-13 03:02:19
631,388,793,2021-11-10 10:31:01
632,268,489,2023-05-28 05:31:22
633,314,31,2021-10-13 20:21:03
634,180,743,2022-12-14 19:55:57
635,226,102,2021-03-17 14:58:13
636,178,728,2021-10-17 01:06:19
637,316,512,2020-01-16 15:41:30
638,192,950,2023-07-18 02:29:25
639,210,93,2022-12-18 12:02:12
640,423,16,2023-02-20 20:29:17
641,216,519,2023-03-23 03:23:37
642,322,26,2021-10-03 23:37:34
643,32,12,2020-04-20 14:18:33
644,122,402,2021-08-18 07:00:23
645,83,818,2023-02-08 22:09:51
646,99,346,2020-11-06 09:31:26
647,499,689,2021-10-26 01:04:59
648,109,705,2022-04-26 14:24:39
649,81,955,2021-10-04 17:46:16
650,401,844,2020-05-27 22:09:19
651,461,65,2023-10-09 16:29:07
652,310,569,2020-09-01 01:19:23
653,229,236,2020-11-06 17:09:46
654,193,737,2020-11-27 07:12:58
655,162,288,2023-09-09 22:29:41
656,437,472,2023-04-09 08:52:41
657,168,303,2021-08-17 16:15:01
658,435,239,2021-11-21 21:30:17
659,153,875,2021-10-07 22:58:06
660,209,861,2020-08-09 18:56:08
661,400,338,2020-05-26 01:21:50
662,219,435,2022-02-03 13:52:38
663,351,828,2021-01-27 09:15:35
664,130,198,2021-06-23 15:08:11
665,333,649,2020-04-19 05:11:03
666,182,497,2020-11-27 10:17:20
667,22,73,2023-04-13 04:08:44
668,245,728,2021-07-21 00:25:11
669,194,63,2022-08-08 23:11:00
670,4,89,2023-04-20 17:00:58
671,486,608,2020-03-03 02:59:17
672,473,30,2023-08-14 20:49:32
673,116,971,2020-11-27 00:08:15
674,190,498,2022-07-06 15:37:26
675,25,102,2022-04-26 16:47:15
676,117,222,2022-10-12 12:26:24
677,110,855,2021-05-22 16:28:11
678,47,472,2022-02-14 03:52:13
679,487,155,2020-05-03 10:45:31
680,107,394,2023-08-31 13:42:10
681,398,731,2023-09-12 14:49:44
682,83,915,2022-06-04 02:06:16
683,383,605,2022-12-04 19:09:54
684,265,758,2022-05-27 04:23:08
685,477,640,2023-12-22 10:40:06
686,111,402,2021-04-22 11:54:53
687,442,638,2021-02-04 23:03:31
688,124,989,2021-11-21 02:37:58
689,295,737,2022-11-08 13:59:51
690,179,932,2021-12-27 13:01:51
691,327,89,2022-03-19 17:22:51
692,293,465,2022-11-27 00:06:55
693,389,991,2022-01-14 13:09:10
694,95,973,2020-04-21 18:57:29
695,432,262,2022-08-05 20:33:50
696,208,176,2020-04-10 12:33:02
697,477,196,2022-10-31 19:23:45
698,318,636,2023-11-18 00:34:13
699,377,951,2021-02-27 16:12:26
700,453,666,2020-06-09 12:27:22
701,396,477,2022-01-22 02:12:47
702,280,630,2023-04-06 13:20:36
703,226,263,2023-02-15 01:57:54
704,70,314,2022-05-25 18:51:08
705,495,757,2023-09-11 03:35:13
706,442,949,2021-05-13 08:59:17
707,466,990,2020-02-05 02:51:19
708,226,19,2023-03-28 01:12:39
709,488,226,2023-01-12 13:14:29
710,163,446,2021-01-02 07:47:06
711,478,448,2022-06-10 00:19:32
712,383,844,2023-07-13 13:42:53
713,242,625,2021-04-02 04:10:37
714,211,150,2020-03-05 19:29:45
715,4,26,2021-01-10 08:19:06
716,233,214,2020-05-01 01:19:38
717,187,324,2023-11-04 02:28:36
718,87,937,2021-11-08 02:05:12
719,175,712,2021-05-02 01:42:33
720,166,91,2020-04-17 18:00:45
721,335,191,2023-08-20 02:59:11
722,439,221,2021-04-02 09:30:19
723,360,310,2021-02-01 05:23:34
724,156,464,2020-05-04 05:58:26
725,108,234,2020-12-06 04:10:18
726,244,255,2020-05-09 20:48:50
727,118,462,2020-01-20 05:17:01
728,122,365,2023-02-05 00:07:03
729,497,140,2020-06-12 22:11:58
730,261,158,2023-11-29 00:59:26
731,179,530,2023-07-22 15:16:16
732,166,387,2021-02-06 18:20:54
733,448,838,2022-03-28 14:11:25
734,162,978,2023-03-28 21:39:08
735,361,774,2020-02-29 16:28:53
736,377,729,2020-03-25 18:53:20
737,383,703,2020-10-04 04:29:23
738,41,615,2020-10-22 04:58:08
739,227,370,2020-07-17 17:00:21
740,483,350,2022-10-13 08:21:54
741,373,802,2022-06-19 18:46:53
742,24,398,2022-10-06 19:56:54
743,455,659,2021-01-27 22:47:03
744,348,295,2023-07-24 22:17:22
745,274,544,2023-09-07 14:04:04
746,340,690,2020-01-28 09:54:47
747,136,517,2021-12-26 06:48:18
748,100,362,2020-02-05 21:24:16
749,307,75,2023-08-20 05:12:36
750,297,374,2020-06-14 13:51:56
751,62,66,2023-12-14 11:31:14
752,22,186,2021-01-26 11:47:37
753,421,416,2020-04-09 22:52:18
754,485,6,2023-04-09 19:55:23
755,295,561,2022-02-13 13:01:15
756,208,336,2020-07-21 21:23:06
757,472,993,2020-07-21 09:55:06
758,258,999,2022-09-22 23:50:29
759,485,790,2021-02-12 05:55:11
760,148,488,2020-05-20 07:25:19
761,45,513,2020-01-06 10:01:20
762,479,583,2023-03-14 15:20:52
763,66,660,2023-04-01 00:39:34
764,386,854,2021-06-27 01:34:40
765,211,964,2023-08-23 14:49:24
766,128,578,2020-10-21 00:39:47
767,425,882,2020-07-08 12:41:06
768,482,840,2020-01-05 20:14:07
769,338,800,2020-08-23 02:08:05
770,95,874,2021-10-28 05:55:21
771,216,527,2022-03-31 01:55:05
772,167,884,2023-02-20 05:24:22
773,236,567,2020-06-17 23:00:24
774,95,665,2021-10-19 15:53:26
775,101,400,2020-04-26 13:54:19
776,19,172,2023-10-30 22:51:10
777,206,813,2020-05-01 21:37:25
778,135,145,2021-09-29 01:16:51
779,428,397,2022-12-01 02:59:50
780,116,386,2023-01-22 08:55:52
781,294,762,2022-10-08 01:46:35
782,171,758,2020-11-21 06:49:09
783,329,143,2023-05-19 21:38:22
784,233,112,2023-05-25 13:04:12
785,305,871,2021-12-17 17:54:50
786,143,365,2022-11-21 08:35:25
787,318,597,2020-09-08 08:10:52
788,262,908,2023-03-17 15:09:56
789,148,93,2023-02-05 09:43:20
790,358,214,2023-11-17 13:20:29
791,96,807,2021-05-26 19:13:57
792,138,404,2022-10-16 01:40:54
793,35,296,2021-05-01 11:39:09
794,66,803,2020-04-25 01:53:45
795,84,800,2023-07-10 11:49:44
796,393,501,2021-05-31 10:39:43
797,80,25,2021-10-31 09:56:10
798,115,589,2020-01-23 14:18:04
799,118,181,2021-10-16 12:49:20
800,399,124,2022-03-11 02:22:12
801,20,874,2022-06-18 13:47:00
802,358,759,2021-10-12 08:28:06
803,475,803,2023-09-13 17:47:35
804,67,96,2022-02-16 22:50:17
805,294,138,2021-10-10 06:10:14
806,15,16,2022-04-03 15:49:40
807,424,989,2023-06-30 05:13:56
808,267,440,2023-12-09 19:56:44
809,346,291,2022-10-22 12:48:58
810,132,316,2023-05-11 16:58:34
811,337,353,2020-12-04 05:47:07
812,63,398,2020-01-10 06:53:45
813,155,986,2022-02-18 04:07:20
814,391,774,2021-05-04 03:27:16
815,409,150,2022-03-28 06:07:46
816,217,303,2022-01-15 14:06:34
817,383,191,2020-06-14 16:03:42
818,143,128,2021-08-04 20:43:47
819,216,300,2022-06-15 08:31:47
820,338,873,2020-01-07 04:09:50
821,343,10,2023-10-24 17:51:03
822,355,452,2023-06-13 18:51:13
823,484,818,2022-04-29 22:27:09
824,428,632,2022-01-30 19:25:45
825,490,500,2021-08-01 22:45:57
826,346,1,2022-12-28 01:21:06
827,186,136,2021-05-10 03:43:22
828,100,478,2021-10-17 07:58:47
829,65,787,2023-01-13 10:40:02
830,294,249,2021-03-18 00:37:33
831,341,129,2021-04-13 09:25:45
832,458,521,2023-07-26 16:26:30
833,227,726,2023-11-06 13:17:46
834,256,359,2021-08-20 00:45:05
835,131,388,2023-07-05 15:05:33
836,260,913,2022-10-02 01:24:59
837,478,522,2022-11-22 11:16:40
838,452,350,2020-03-12 23:29:21
839,370,242,2022-01-13 13:28:55
840,306,44,2023-02-24 16:43:56
841,277,713,2021-01-23 07:47:39
842,189,780,2023-04-08 20:44:57
843,20,605,2022-11-15 23:35:00
844,4,791,2023-06-19 13:18:39
845,197,182,2022-05-20 07:29:10
846,333,233,2020-02-26 14:27:07
847,416,763,2023-03-19 01:08:07
848,404,468,2022-06-12 20:17:46
849,148,979,2021-03-12 13:03:55
850,73,58,2021-12-06 05:38:21
851,338,6,2022-01-04 17:17:02
852,62,40,2023-12-17 16:14:56
853,154,239,2021-09-22 10:45:44
854,173,32,2021-08-21 09:50:02
855,395,461,2023-07-14 20:06:44
856,53,433,2021-08-14 04:16:38
857,364,493,2020-03-13 02:18:59
858,21,454,2020-09-25 12:03:27
859,377,808,2021-06-14 02:33:14
860,450,493,2022-06-02 17:50:27
861,417,232,2022-07-04 16:35:00
862,445,523,2021-01-22 15:13:16
863,89,828,2022-09-11 21:47:19
864,175,929,2020-08-15 14:20:02
865,441,884,2021-01-13 08:06:13
866,413,978,2023-05-23 02:31:24
867,322,684,2020-09-06 21:05:16
868,51,964,2020-08-01 06:03:48
869,297,212,2020-10-28 10:34:52
870,165,220,2021-03-17 03:26:25
871,365,709,2021-07-28 14:14:43
872,308,623,2023-10-08 04:59:23
873,435,923,2021-10-19 05:08:18
874,381,157,2020-02-25 12:27:45
875,124,621,2020-01-31 05:58:26
876,69,797,2020-08-17 09:33:35
877,478,927,2022-04-28 20:58:43
878,132,212,2023-04-25 13:11:00
879,475,392,2023-11-14 19:20:53
880,401,685,2021-09-19 14:08:14
881,451,975,2021-05-17 12:57:40
882,394,537,2023-12-11 06:07:29
883,321,923,2020-05-17 15:05:08
884,222,861,2022-01-09 15:58:31
885,228,402,2020-09-01 19:40:19
886,118,916,2022-01-02 08:41:18
887,455,437,2022-03-07 07:16:22
888,470,834,2023-02-26 12:18:40
889,249,606,2023-08-16 11:23:42
890,391,131,2023-09-18 19:15:31
891,139,396,2020-10-25 16:26:12
892,377,115,2023-10-15 17:11:39
893,199,823,2022-08-22 13:29:22
894,342,620,2023-09-11 12:48:24
895,197,149,2023-02-20 10:22:14
896,300,686,2020-02-16 14:23:26
897,267,828,2022-07-18 10:10:29
898,405,661,2022-01-10 21:37:16
899,118,906,2022-05-18 08:23:54
900,465,646,2022-06-22 07:12:27
901,182,892,2020-12-17 12:40:36
902,473,347,2020-09-21 05:24:47
903,349,560,2021-06-19 06:36:17
904,53,901,2022-06-09 14:36:08
905,162,321,2021-02-23 02:14:58
906,191,15,2021-06-30 19:08:07
907,263,654,2022-11-18 17:11:12
908,79,193,2020-06-30 13:18:00
909,464,996,2020-06-06 19:57:19
910,5,285,2023-04-30 14:06:53
911,486,166,2022-09-23 19:34:44
912,146,853,2021-10-31 03:11:36
913,1,412,2022-10-05 05:41:03
914,86,580,2022-06-23 12:57:24
915,352,423,2022-01-16 00:21:27
916,57,129,2021-10-19 20:26:53
917,347,641,2023-07-03 12:14:54
918,91,582,2020-03-06 05:14:38
919,280,952,2021-03-04 03:10:34
920,467,778,2020-04-22 02:59:43
921,225,35,2023-05-02 06:01:34
922,181,488,2020-08-05 07:30:20
923,18,3,2021-10-23 09:03:28
924,486,171,2023-05-12 15:24:36
925,475,395,2022-05-13 02:41:24
926,122,477,2023-01-18 00:39:55
927,331,635,2023-06-26 13:48:55
928,4,413,2020-01-15 23:00:28
929,355,858,2020-10-01 03:06:58
930,38,508,2023-04-25 09:51:34
931,265,575,2020-08-23 16:14:27
932,377,781,2023-03-11 16:50:42
933,225,647,2022-02-19 16:43:34
934,307,994,2022-06-23 11:07:07
935,256,258,2023-12-03 15:14:03
936,358,969,2020-05-18 12:37:46
937,198,299,2022-10-15 12:20:08
938,453,646,2022-04-24 13:27:10
939,41,825,2022-08-05 23:58:52
940,188,443,2021-06-19 21:41:17
941,149,353,2020-12-05 02:08:14
942,208,406,2021-09-19 03:07:28
943,145,625,2021-08-04 05:38:33
944,421,982,2020-11-18 16:26:17
945,162,996,2020-01-07 19:17:11
946,240,538,2023-01-11 02:12:16
947,241,755,2022-09-15 16:08:28
948,356,363,2021-12-22 03:15:24
949,27,865,2021-06-28 17:45:25
950,466,174,2021-02-07 13:34:37
951,154,490,2022-03-08 04:36:01
952,90,51,2023-12-16 01:48:37
953,79,514,2021-07-08 00:15:37
954,122,176,2020-11-14 13:37:03
955,453,218,2022-03-07 13:08:56
956,339,513,2020-04-28 02:08:45
957,150,376,2022-08-30 18:54:01
958,481,139,2021-03-25 23:57:38
959,210,715,2022-05-15 10:42:24
960,483,594,2022-06-05 18:08:07
961,490,517,2021-05-16 19:37:25
962,330,141,2022-06-08 02:09:44
963,497,657,2021-08-20 06:35:42
964,219,421,2022-03-10 13:17:35
965,245,535,2022-02-16 19:56:28
966,484,530,2022-04-18 22:40:04
967,342,446,2020-03-06 18:47:14
968,155,953,2021-03-28 16:28:41
969,156,894,2023-01-19 13:32:16
970,76,258,2022-04-03 01:06:10
971,122,702,2022-01-10 01:45:18
972,463,85,2022-10-30 04:56:40
973,443,317,2021-02-05 21:06:55
974,117,452,2023-12-12 19:34:24
975,38,220,2022-06-18 10:40:58
976,241,598,2021-12-13 20:15:07
977,58,165,2022-09-28 21:03:52
978,459,991,2023-02-06 12:54:29
979,438,479,2022-10-15 03:14:32
980,404,399,2020-01-17 13:11:16
981,340,299,2023-08-05 00:28:53
982,154,916,2023-02-16 15:33:20
983,177,647,2021-10-26 08:24:51
984,300,884,2023-05-07 16:59:45
985,209,157,2022-02-03 07:50:03
986,352,362,2023-06-06 14:03:15
987,421,766,2023-05-24 12:05:51
988,257,541,2021-11-02 14:29:28
989,96,938,2020-01-20 01:01:08
990,213,715,2022-09-25 08:33:25
991,149,665,2022-09-03 17:10:54
992,37,571,2022-08-07 17:37:14
993,152,189,2023-01-21 10:12:24
994,226,277,2022-02-20 11:56:08
995,121,832,2022-06-09 20:55:42
996,207,110,2022-10-16 02:00:55
997,142,339,2021-07-29 16:31:01
998,361,146,2022-03-03 20:09:35
999,409,881,2022-03-05 04:13:09
1000,500,795,2021-03-19 12:23:21
1001,339,124,2020-02-24 23:51:43
1002,156,412,2021-09-04 06:07:59
1003,49,679,2023-06-04 23:55:37
1004,334,61,2020-09-13 01:57:52
1005,498,285,2020-07-09 11:06:02
1006,121,274,2020-04-30 17:41:29
1007,397,383,2021-10-02 06:20:52
1008,490,66,2023-06-30 18:51:33
1009,480,765,2022-07-05 08:19:56
1010,317,407,2023-04-02 20:30:38
1011,428,325,2020-05-07 09:34:03
1012,31,951,2020-05-10 16:53:00
1013,367,477,2021-02-08 09:00:44
1014,297,22,2023-09-26 06:05:25
1015,184,316,2023-08-05 04:17:05
1016,184,52,2021-07-26 20:45:49
1017,346,427,2020-07-07 00:13:43
1018,193,272,2020-02-25 15:04:30
1019,217,581,2020-12-24 11:24:08
1020,294,676,2022-03-10 10:18:37
1021,464,438,2020-09-08 07:44:37
1022,62,928,2022-04-17 13:37:45
1023,14,573,2022-09-06 15:31:14
1024,83,387,2022-06-26 05:17:37
1025,392,240,2020-06-27 00:41:28
1026,146,530,2021-02-24 17:07:53
1027,410,544,2022-06-18 07:24:49
1028,217,450,2023-04-15 16:32:27
1029,181,496,2020-11-04 03:56:38
1030,56,335,2023-07-19 03:05:54
1031,387,755,2023-12-08 15:09:03
1032,437,916,2021-03-13 08:59:12
1033,196,901,2020-05-08 10:54:52
1034,124,548,2021-07-21 18:21:09
1035,12,756,2021-05-26 08:11:07
1036,16,668,2022-12-03 15:31:47
1037,269,251,2020-07-01 14:05:52
1038,47,382,2022-03-27 19:05:33
1039,350,276,2020-12-09 01:31:11
1040,424,778,2020-11-17 16:43:15
1041,228,798,2020-11-30 15:36:28
1042,149,817,2021-12-26 09:15:37
1043,491,535,2022-08-25 00:09:19
1044,459,254,2020-03-10 20:45:06
1045,266,91,2022-01-10 08:24:16
1046,101,806,2023-08-03 12:19:33
1047,168,970,2023-03-02 17:04:58
1048,157,828,2021-07-17 02:13:19
1049,270,296,2023-11-22 03:47:01
1050,67,825,2023-12-10 04:15:07
1051,432,84,2021-06-01 14:56:32
1052,32,693,2023-01-17 06:50:17
1053,71,432,2023-03-17 01:59:20
1054,185,125,2023-06-19 11:32:33
1055,156,92,2022-07-21 13:24:43
1056,103,296,2023-08-31 07:18:02
1057,462,63,2021-03-20 10:39:42
1058,312,29,2021-02-21 18:23:57
1059,361,639,2020-09-15 14:23:13
1060,171,815,2021-01-22 12:27:32
1061,205,50,2023-11-22 21:19:10
1062,320,212,2022-06-15 03:38:09
1063,143,298,2023-10-03 19:51:11
1064,490,592,2020-12-31 02:50:41
1065,487,214,2022-11-11 03:15:47
1066,83,664,2022-08-31 01:38:02
1067,230,827,2022-08-28 19:14:39
1068,289,168,2023-09-17 15:56:25
1069,494,96,2021-02-25 07:09:47
1070,404,816,2021-07-09 17:00:12
1071,158,729,2022-06-08 00:37:35
1072,378,764,2021-05-26 17:44:20
1073,7,824,2023-01-16 11:08:18
1074,140,861,2021-09-13 00:49:33
1075,337,816,2020-03-22 07:00:00
1076,29,880,2022-10-07 23:33:38
1077,423,207,2020-12-14 02:46:32
1078,173,385,2023-02-21 12:46:46
1079,288,678,2022-01-14 15:51:59
1080,231,671,2023-06-08 20:22:32
1081,127,612,2020-05-20 18:26:22
1082,493,202,2021-08-16 21:57:10
1083,280,871,2020-01-29 21:14:54
1084,224,703,2020-05-29 18:33:21
1085,227,972,2022-02-16 08:06:27
1086,485,270,2021-09-02 21:45:50
1087,399,761,2022-09-18 06:11:24
1088,334,381,2021-10-28 14:23:11
1089,124,325,2022-01-20 11:46:58
1090,264,32,2021-10-08 15:14:14
1091,325,800,2020-12-05 21:43:53
1092,141,912,2023-12-12 15:27:00
1093,398,377,2020-12-13 23:05:36
1094,144,752,2020-08-20 16:14:57
1095,379,580,2020-05-25 07:55:02
1096,7,479,2020-03-11 09:32:12
1097,150,66,2023-10-12 10:44:07
1098,486,439,2020-08-02 05:56:11
1099,171,115,2023-10-06 12:03:13
1100,192,121,2022-12-18 05:42:32
1101,213,305,2020-10-17 16:01:15
1102,353,576,2023-04-26 03:08:06
1103,296,323,2022-01-05 07:08:02
1104,209,725,2021-04-11 21:31:09
1105,490,819,2022-07-04 04:55:41
1106,126,335,2023-03-28 14:09:15
1107,334,353,2021-02-20 23:51:41
1108,105,785,2023-08-06 15:33:52
1109,200,789,2023-03-19 02:42:19
1110,142,330,2020-12-09 07:47:31
1111,339,772,2022-05-13 20:19:09
1112,119,1,2021-06-22 22:55:44
1113,115,833,2020-06-27 10:01:45
1114,186,394,2020-12-24 11:26:42
1115,31,998,2023-04-14 18:35:01
1116,244,488,2021-08-20 05:54:33
1117,390,719,2022-02-09 00:10:31
1118,214,449,2020-01-01 23:51:13
1119,477,280,2022-06-13 16:50:20
1120,238,149,2021-04-21 16:47:22
1121,263,398,2023-06-22 03:21:56
1122,105,662,2023-03-14 21:44:09
1123,410,128,2021-01-28 23:39:19
1124,159,721,2022-07-11 14:37:20
1125,92,19,2022-11-05 09:23:19
1126,366,494,2022-08-10 11:45:22
1127,297,350,2020-09-30 04:29:18
1128,200,957,2021-01-21 07:11:31
1129,35,296,2020-07-07 19:50:46
1130,465,912,2022-04-06 12:39:58
1131,475,82,2020-06-24 21:11:46
1132,46,788,2023-10-27 17:00:09
1133,62,135,2020-07-01 21:03:39
1134,290,181,2020-09-18 03:18:40
1135,452,717,2021-03-16 07:40:15
1136,139,58,2020-10-09 10:12:50
1137,309,542,2023-07-13 23:12:36
1138,24,37,2020-08-11 20:54:40
1139,366,370,2021-10-03 08:34:35
1140,20,890,2022-06-09 07:31:06
1141,299,498,2021-01-23 09:28:25
1142,132,64,2022-03-03 05:45:38
1143,465,277,2022-09-12 18:12:50
1144,308,76,2020-10-29 10:01:52
1145,181,176,2022-11-11 17:40:57
1146,469,496,2022-06-14 19:00:02
1147,175,335,2020-03-26 10:41:17
1148,238,818,2023-03-05 08:26:00
1149,395,161,2023-01-05 14:44:32
1150,356,979,2021-12-18 19:47:28
1151,444,728,2023-02-06 22:42:41
1152,421,869,2022-01-10 20:21:20
1153,162,740,2021-08-25 11:50:09
1154,295,506,2021-07-24 01:04:45
1155,435,500,2021-10-23 01:19:01
1156,138,686,2020-02-07 09:40:57
1157,148,54,2023-04-10 04:54:04
1158,102,421,2021-09-10 13:15:21
1159,373,488,2023-03-28 09:26:47
1160,200,83,2021-06-26 23:34:24
1161,15,549,2022-02-05 11:02:28
1162,325,89,2023-01-01 02:34:07
1163,349,5,2021-08-02 14:57:45
1164,30,213,2023-05-15 00:16:02
1165,482,243,2023-02-09 01:45:53
1166,221,458,2020-02-15 11:10:52
1167,137,503,2023-09-24 09:45:28
1168,159,22,2020-10-09 01:27:18
1169,141,722,2022-12-19 16:28:00
1170,455,558,2023-07-30 23:20:51
1171,148,37,2022-01-04 17:30:34
1172,398,449,2023-11-18 06:14:28
1173,397,535,2020-12-27 09:33:58
1174,115,446,2021-07-29 11:14:53
1175,487,954,2020-03-14 02:03:51
1176,247,625,2022-06-14 21:30:26
1177,476,525,2023-04-09 01:36:19
1178,158,924,2022-01-26 12:57:55
1179,129,36,2020-09-18 04:09:19
1180,474,726,2023-05-13 12:40:48
1181,376,912,2021-12-26 04:04:24
1182,85,71,2021-08-22 23:17:04
1183,325,92,2023-10-22 10:48:14
1184,479,978,2023-10-17 01:43:10
1185,200,774,2023-08-12 23:40:13
1186,136,405,2020-08-03 12:16:52
1187,58,93,2023-09-29 00:44:03
1188,96,716,2023-11-23 23:36:32
1189,58,543,2020-06-03 11:56:03
1190,40,911,2020-08-05 05:05:54
1191,18,645,2021-01-11 07:14:01
1192,477,302,2020-11-22 19:59:46
1193,60,733,2022-07-04 17:32:26
1194,478,513,2020-12-28 05:25:28
1195,281,678,2021-12-16 20:22:42
1196,191,150,2020-03-01 02:05:55
1197,425,968,2020-07-29 11:56:11
1198,446,980,2022-12-08 18:48:30
1199,314,664,2021-03-18 18:37:53
1200,388,743,2023-12-22 10:36:26
1201,47,113,2022-06-06 05:03:17
1202,54,372,2022-05-10 03:11:09
1203,492,87,2023-11-01 17:07:03
1204,264,786,2021-02-06 07:47:11
1205,499,880,2020-04-04 04:09:55
1206,87,266,2022-11-21 12:28:41
1207,5,169,2020-04-22 04:09:04
1208,464,404,2021-07-01 01:01:44
1209,362,370,2020-07-26 07:08:44
1210,488,661,2021-05-22 19:36:37
1211,425,459,2023-04-09 20:40:47
1212,41,252,2021-05-06 15:27:12
1213,314,176,2021-03-14 18:47:08
1214,276,109,2021-02-19 17:35:12
1215,419,366,2021-11-02 05:45:59
1216,326,353,2022-06-14 09:02:38
1217,261,654,2022-03-08 04:19:47
1218,218,558,2022-06-29 16:13:18
1219,455,982,2023-08-11 14:38:05
1220,370,875,2023-06-14 00:27:24
1221,98,188,2022-01-02 05:51:06
1222,212,658,2021-10-20 12:15:10
1223,245,943,2023-07-16 18:35:44
1224,223,446,2022-11-30 08:41:51
1225,313,420,2020-12-05 08:49:50
1226,488,32,2020-01-11 21:19:18
1227,361,239,2023-11-20 03:50:37
1228,490,770,2021-04-04 18:29:24
1229,331,13,2021-06-15 12:27:06
1230,283,313,2022-01-17 06:58:08
1231,193,380,2022-04-06 23:12:20
1232,344,743,2021-04-08 05:04:45
1233,62,65,2021-06-03 17:31:27
1234,273,54,2023-04-23 03:27:47
1235,399,180,2021-06-13 11:12:47
1236,370,660,2023-01-20 14:07:52
1237,488,967,2022-05-30 23:32:45
1238,96,553,2022-11-24 00:04:37
1239,92,735,2020-12-24 17:24:28
1240,58,881,2022-06-18 16:19:22
1241,72,461,2023-02-16 15:36:29
1242,55,708,2020-07-09 17:32:39
1243,96,607,2022-07-05 02:26:45
1244,91,657,2020-10-26 08:55:59
1245,422,537,2023-04-20 11:06:45
1246,31,203,2021-10-04 16:43:17
1247,128,226,2022-12-15 11:55:40
1248,58,848,2021-06-26 20:30:36
1249,416,493,2020-10-31 23:48:54
1250,464,166,2021-01-05 15:26:12
1251,123,621,2021-08-20 15:19:45
1252,83,56,2022-03-16 06:33:35
1253,394,154,2020-11-16 10:01:15
1254,454,298,2023-06-02 00:32:31
1255,330,345,2021-01-04 08:15:13
1256,101,553,2022-04-02 02:52:16
1257,257,701,2022-06-08 06:54:41
1258,329,502,2022-08-19 19:31:50
1259,392,514,2020-04-22 21:52:45
1260,357,400,2022-12-10 08:55:07
1261,449,587,2022-09-18 19:45:45
1262,263,854,2021-09-17 20:38:52
1263,115,460,2021-02-20 10:50:14
1264,217,816,2021-08-05 07:07:02
1265,142,700,2023-09-15 02:20:30
1266,58,989,2023-02-21 10:29:19
1267,110,212,2023-12-15 23:31:17
1268,323,440,2022-03-06 16:47:58
1269,200,944,2021-10-31 21:46:57
1270,104,157,2020-03-24 18:21:41
1271,374,358,2020-01-14 15:29:05
1272,348,320,2021-10-20 18:45:26
1273,136,272,2022-09-23 00:02:49
1274,329,413,2020-05-02 05:48:00
1275,378,261,2020-07-29 16:18:16
1276,300,231,2022-09-17 06:56:27
1277,140,661,2020-10-25 07:30:51
1278,398,314,2022-04-29 22:19:48
1279,61,210,2022-04-24 08:10:12
1280,248,753,2020-06-29 20:05:11
1281,350,139,2022-08-12 09:27:56
1282,78,376,2023-07-11 01:17:26
1283,445,462,2023-09-10 02:31:50
1284,430,703,2023-01-25 03:14:42
1285,207,642,2022-01-22 11:01:52
1286,375,22,2020-06-11 03:08:49
1287,409,276,2022-01-16 15:01:05
1288,111,853,2021-02-22 14:23:06
1289,456,540,2021-01-06 03:53:34
1290,412,879,2023-08-16 20:33:45
1291,428,769,2020-12-16 02:11:55
1292,499,648,2023-06-23 04:01:39
1293,345,623,2023-09-20 04:05:07
1294,415,23,2021-12-27 10:09:13
1295,260,524,2022-03-25 10:45:17
1296,365,633,2020-10-22 09:29:46
1297,223,839,2021-01-14 00:13:10
1298,439,830,2022-07-14 14:56:21
1299,361,57,2022-11-23 01:40:08
1300,157,259,2022-01-08 08:52:03
1301,386,40,2021-10-25 13:54:51
1302,101,640,2020-07-14 17:15:43
1303,411,466,2021-04-07 17:13:33
1304,395,789,2023-02-22 21:34:38
1305,187,808,2023-07-12 19:40:01
1306,268,242,2023-05-18 09:53:54
1307,272,2,2021-03-26 06:52:20
1308,276,877,2020-04-08 17:58:11
1309,169,14,2020-07-28 23:19:32
1310,155,948,2021-08-16 14:57:05
1311,296,899,2022-01-21 20:02:56
1312,54,515,2021-02-07 17:36:27
1313,53,345,2021-09-24 05:50:22
1314,192,983,2021-10-30 13:28:47
1315,208,786,2022-05-21 02:06:13
1316,305,581,2022-08-15 22:23:22
1317,428,599,2020-04-11 09:59:25
1318,323,312,2023-12-03 20:11:05
1319,37,555,2020-04-23 06:32:12
1320,228,718,2020-07-09 02:21:31
1321,374,540,2022-04-30 11:22:10
1322,359,433,2021-07-08 09:28:22
1323,484,587,2020-01-31 13:00:19
1324,362,119,2020-03-19 13:18:21
1325,415,318,2022-03-24 17:31:21
1326,78,139,2021-06-16 07:23:53
1327,234,86,2020-01-05 22:51:36
1328,321,554,2021-12-31 18:18:34
1329,199,70,2020-05-02 00:07:36
1330,265,372,2023-09-08 00:54:23
1331,143,764,2023-12-10 08:28:33
1332,261,192,2020-01-30 00:11:48
1333,376,602,2022-02-07 09:49:50
1334,377,766,2021-01-21 21:28:49
1335,166,852,2023-06-26 23:26:01
1336,370,371,2022-08-25 10:28:00
1337,135,912,2022-01-23 16:12:26
1338,459,812,2022-05-12 05:09:04
1339,296,899,2020-02-11 05:51:31
1340,191,631,2022-11-02 02:33:50
1341,62,62,2022-03-27 19:25:08
1342,474,950,2023-12-20 18:24:18
1343,327,687,2023-09-01 04:11:57
1344,208,402,2023-02-16 11:53:17
1345,391,173,2020-04-27 08:47:24
1346,111,68,2022-06-29 12:15:06
1347,460,119,2020-06-12 15:21:02
1348,314,95,2022-12-19 04:34:33
1349,398,206,2021-07-14 19:38:47
1350,476,589,2020-12-13 04:06:22
1351,253,660,2023-05-14 02:00:51
1352,8,296,2022-04-27 09:06:50
1353,354,732,2021-08-20 02:47:26
1354,21,357,2023-04-22 12:08:10
1355,217,167,2020-02-13 20:51:43
1356,248,282,2022-04-03 04:30:09
1357,171,28,2023-01-05 23:21:01
1358,323,135,2022-05-30 00:08:56
1359,358,104,2023-11-25 02:22:51
1360,124,53,2022-04-30 22:10:37
1361,336,925,2021-09-05 11:46:07
1362,141,283,2020-08-12 15:55:08
1363,309,68,2021-05-11 11:19:58
1364,382,863,2020-05-30 11:02:23
1365,134,881,2020-10-13 05:25:13
1366,305,468,2021-03-28 15:22:19
1367,21,736,2022-05-31 15:16:10
1368,397,938,2022-03-25 08:15:18
1369,275,149,2020-11-25 13:08:12
1370,44,554,2022-02-15 04:18:35
1371,24,420,2021-11-18 09:58:16
1372,385,139,2022-09-26 01:23:26
1373,301,34,2023-05-19 18:01:05
1374,12,558,2022-12-20 05:09:29
1375,411,118,2023-08-03 10:05:49
1376,451,856,2022-07-27 00:45:46
1377,314,350,2020-10-12 23:52:08
1378,168,31,2023-07-07 06:52:22
1379,440,591,2020-01-06 19:03:40
1380,65,320,2020-04-07 20:51:15
1381,48,642,2022-08-24 23:25:58
1382,77,68,2023-09-18 12:57:25
1383,451,140,2020-11-10 02:00:48
1384,98,114,2022-08-31 11:40:13
1385,185,324,2020-08-04 23:25:34
1386,280,809,2023-11-18 21:57:04
1387,94,374,2023-04-14 20:51:52
1388,65,35,2022-12-30 13:35:42
1389,160,297,2021-04-06 04:43:26
1390,140,73,2022-07-10 10:57:59
1391,29,724,2020-12-12 14:07:09
1392,470,294,2020-07-18 16:52:44
1393,449,539,2022-10-15 09:31:42
1394,158,12,2020-03-11 23:47:18
1395,99,946,2020-08-09 00:32:07
1396,416,187,2022-08-17 18:38:46
1397,393,494,2020-11-07 08:30:36
1398,79,976,2020-05-20 12:38:02
1399,86,646,2021-02-08 17:41:39
1400,106,306,2022-09-13 08:22:04
1401,409,15,2020-01-16 09:49:56
1402,465,552,2022-09-15 10:36:25
1403,252,46,2021-03-05 13:11:44
1404,419,514,2022-04-12 04:26:18
1405,405,256,2022-06-12 16:26:24
1406,345,34,2022-07-03 15:33:58
1407,447,551,2023-04-02 17:12:43
1408,183,115,2020-09-16 15:31:55
1409,367,831,2023-11-26 23:41:01
1410,408,651,2020-04-03 18:56:24
1411,107,153,2023-05-02 09:51:53
1412,381,779,2020-12-01 23:06:14
1413,278,79,2023-10-05 23:54:12
1414,306,474,2022-01-17 12:50:39
1415,77,356,2021-03-17 18:46:52
1416,71,241,2022-09-19 09:35:17
1417,444,381,2021-06-14 03:31:17
1418,61,609,2021-02-12 05:33:35
1419,426,211,2023-02-02 07:09:26
1420,164,227,2021-05-19 18:24:49
1421,133,721,2022-11-25 06:29:01
1422,258,911,2022-11-27 05:12:33
1423,177,895,2021-12-29 10:54:18
1424,469,707,2020-10-04 02:40:04
1425,167,856,2020-09-13 20:09:04
1426,290,229,2021-12-31 07:43:58
1427,202,764,2021-06-02 14:59:12
1428,87,636,2023-06-18 11:57:24
1429,95,733,2022-05-15 21:13:44
1430,451,903,2023-06-18 08:18:03
1431,467,583,2022-01-10 14:48:33
1432,303,323,2023-09-10 06:33:47
1433,108,138,2021-11-04 17:02:12
1434,17,639,2021-03-16 11:52:43
1435,473,231,2022-12-14 00:46:56
1436,21,6,2023-04-16 12:20:09
1437,312,126,2022-04-14 19:06:42
1438,193,561,2022-05-05 05:45:58
1439,406,46,2021-03-07 04:11:07
1440,220,303,2020-04-10 22:36:40
1441,303,923,2023-03-14 01:04:00
1442,255,802,2023-04-30 01:45:52
1443,51,232,2022-03-15 22:17:23
1444,466,152,2022-08-06 06:39:43
1445,162,430,2023-12-10 01:54:00
1446,354,915,2022-09-26 21:49:38
1447,367,601,2022-04-11 07:11:44
1448,326,403,2020-09-24 05:41:34
1449,373,562,2023-02-07 00:57:09
1450,135,696,2020-02-14 21:58:17
1451,294,918,2023-01-21 00:40:50
1452,459,311,2023-10-18 23:20:04
1453,110,2,2022-11-09 09:14:58
1454,229,964,2023-11-19 19:14:16
1455,258,573,2022-11-26 21:52:00
1456,123,983,2023-02-24 14:54:55
1457,123,46,2021-07-30 20:23:57
1458,51,703,2021-12-22 08:03:24
1459,278,427,2022-09-14 00:41:17
1460,303,490,2022-11-25 15:39:48
1461,38,710,2022-03-10 07:50:50
1462,221,516,2020-03-26 17:26:06
1463,153,560,2022-01-08 15:23:55
1464,327,555,2021-04-28 08:47:03
1465,259,55,2023-05-18 14:42:00
1466,255,175,2020-11-21 15:55:35
1467,162,642,2021-06-01 03:17:06
1468,201,636,2020-04-17 20:00:34
1469,10,785,2022-06-03 01:29:58
1470,200,226,2021-08-29 00:22:03
1471,41,311,2022-02-16 23:30:44
1472,287,830,2023-03-15 22:23:17
1473,157,372,2020-04-06 21:53:26
1474,99,400,2020-03-08 16:08:49
1475,181,996,2020-12-03 02:34:50
1476,317,734,2020-12-20 01:42:15
1477,115,319,2022-10-14 07:09:43
1478,83,903,2022-03-13 07:35:56
1479,44,599,2020-10-18 14:21:48
1480,309,192,2020-02-27 20:05:24
1481,191,72,2022-05-07 08:59:53
1482,380,762,2021-05-07 14:33:39
1483,17,508,2020-03-11 16:15:47
1484,294,74,2020-08-27 07:15:36
1485,444,232,2022-01-31 18:01:36
1486,151,415,2023-07-14 06:53:59
1487,161,628,2022-05-04 22:19:29
1488,22,771,2020-07-11 11:13:00
1489,429,967,2021-02-16 08:35:33
1490,103,774,2022-04-30 06:25:59
1491,134,439,2023-09-18 18:38:10
1492,448,401,2020-07-31 17:27:56
1493,259,990,2020-04-19 13:45:57
1494,395,9,2023-05-08 03:41:07
1495,496,480,2022-04-11 04:01:31
1496,476,906,2023-06-29 09:38:45
1497,43,838,2020-01-08 11:06:12
1498,110,63,2020-10-31 11:43:36
1499,305,807,2022-08-04 05:34:14
1500,202,930,2023-12-09 18:58:06
1501,440,2,2022-03-31 09:24:24
1502,24,690,2021-06-09 17:53:17
1503,102,786,2022-01-21 08:16:55
1504,119,250,2021-01-16 07:40:10
1505,130,210,2023-01-25 12:28:28
1506,144,665,2021-12-26 22:29:07
1507,325,387,2022-07-14 00:48:07
1508,40,67,2020-08-05 08:24:20
1509,372,910,2023-10-04 10:46:44
1510,70,141,2023-04-01 23:20:40
1511,259,2,2021-12-05 06:43:54
1512,319,307,2021-10-01 12:35:55
1513,321,386,2021-05-28 11:14:40
1514,117,443,2023-04-13 19:07:46
1515,253,264,2020-05-21 21:00:11
1516,483,393,2020-01-22 08:09:44
1517,449,596,2022-04-12 05:39:51
1518,182,507,2023-08-07 07:10:38
1519,185,836,2020-01-16 18:56:14
1520,494,794,2020-01-25 05:02:20
1521,422,911,2023-11-13 15:24:01
1522,111,403,2021-06-21 07:12:56
1523,111,34,2020-09-05 06:46:55
1524,302,600,2023-04-13 15:56:15
1525,165,213,2022-11-19 14:54:33
1526,189,950,2020-08-03 07:53:33
1527,137,422,2023-01-19 13:36:19
1528,489,309,2020-06-29 23:45:16
1529,325,501,2022-02-26 06:01:46
1530,487,570,2022-04-25 00:53:10
1531,346,889,2022-12-13 07:56:31
1532,452,100,2021-05-23 21:45:03
1533,500,250,2022-02-12 18:23:26
1534,190,72,2021-06-23 13:54:03
1535,106,604,2023-03-28 23:44:33
1536,257,947,2021-01-19 16:35:42
1537,498,500,2023-03-30 02:50:42
1538,427,387,2022-01-26 22:03:14
1539,88,680,2022-05-07 21:36:30
1540,239,198,2021-01-12 22:31:38
1541,418,549,2020-12-20 18:22:47
1542,223,81,2021-03-23 03:07:17
1543,94,930,2023-08-03 11:55:29
1544,28,174,2022-09-25 12:55:20
1545,350,825,2020-04-15 13:29:27
1546,54,679,2021-10-29 15:35:27
1547,417,995,2020-10-10 14:31:15
1548,255,8,2023-07-26 15:35:01
1549,397,564,2022-11-25 13:55:04
1550,171,957,2021-10-18 20:23:38
1551,260,328,2023-08-09 18:12:48
1552,471,554,2022-02-20 21:29:35
1553,490,886,2021-10-07 13:19:26
1554,9,900,2022-01-16 00:33:13
1555,128,876,2022-10-24 12:53:51
1556,262,407,2020-04-11 05:36:57
1557,162,470,2020-01-07 17:20:44
1558,8,711,2021-09-14 10:27:30
1559,319,782,2021-01-30 02:30:36
1560,296,316,2022-03-28 15:04:22
1561,304,857,2023-03-13 21:49:51
1562,135,103,2022-10-05 01:00:45
1563,27,994,2021-10-15 20:13:23
1564,43,914,2020-01-25 07:01:16
1565,464,640,2021-11-30 18:19:52
1566,362,286,2021-05-10 15:08:38
1567,49,123,2022-03-10 03:29:34
1568,229,319,2022-12-21 07:54:07
1569,474,26,2022-10-14 03:25:21
1570,110,140,2020-12-14 06:16:11
1571,152,290,2022-02-06 05:49:30
1572,424,716,2020-04-26 17:43:12
1573,215,221,2022-11-08 15:27:24
1574,433,17,2020-02-12 18:20:36
1575,397,26,2023-07-26 05:36:56
1576,409,842,2022-05-16 17:30:15
1577,336,549,2022-12-30 00:27:48
1578,63,424,2022-12-02 23:42:48
1579,463,903,2021-01-08 18:15:44
1580,4,476,2020-12-17 19:45:13
1581,24,471,2023-11-13 15:57:43
1582,69,938,2023-12-27 22:52:13
1583,49,776,2023-09-12 03:50:59
1584,273,456,2023-10-06 13:16:21
1585,469,668,2020-01-17 00:21:47
1586,457,296,2022-11-04 22:30:01
1587,102,542,2023-10-26 03:03:59
1588,347,259,2022-04-29 17:18:29
1589,440,382,2020-11-03 23:22:37
1590,141,273,2022-04-26 22:09:14
1591,290,792,2021-07-11 05:52:10
1592,178,309,2021-05-29 19:40:40
1593,212,343,2022-05-31 13:04:15
1594,2,551,2020-01-01 10:24:55
1595,196,275,2023-03-13 07:13:18
1596,32,145,2020-09-29 03:31:05
1597,428,281,2022-10-24 16:35:03
1598,193,355,2023-01-13 04:57:47
1599,183,24,2023-11-01 10:24:43
1600,198,209,2020-07-15 17:47:49
1601,325,146,2023-05-07 01:03:18
1602,133,536,2023-06-20 12:09:28
1603,69,297,2020-10-02 03:29:13
1604,338,507,2021-06-02 20:20:49
1605,74,808,2021-07-22 20:07:59
1606,345,571,2021-10-28 05:51:35
1607,74,902,2023-04-29 00:24:24
1608,420,791,2021-12-29 15:41:24
1609,34,402,2023-10-26 17:53:10
1610,326,828,2021-06-04 05:39:04
1611,238,60,2021-08-12 02:27:58
1612,322,345,2021-03-09 23:35:28
1613,290,631,2021-04-07 05:52:26
1614,453,659,2023-12-14 07:27:02
1615,375,697,2022-01-28 23:16:30
1616,161,302,2023-07-15 09:03:22
1617,400,182,2021-09-19 07:51:20
1618,135,557,2021-08-15 05:08:19
1619,112,289,2023-09-19 15:21:40
1620,200,194,2022-09-11 10:29:56
1621,225,277,2021-01-31 03:33:42
1622,299,244,2021-06-29 20:26:30
1623,23,567,2021-06-27 20:21:44
1624,419,869,2022-10-13 16:10:04
1625,179,126,2020-01-06 00:19:07
1626,373,195,2023-11-06 02:17:21
1627,460,266,2022-09-16 06:19:01
1628,473,132,2020-06-15 19:15:44
1629,161,682,2022-08-09 16:03:42
1630,129,15,2023-05-18 03:46:19
1631,203,499,2022-10-11 02:40:00
1632,24,918,2023-05-18 18:24:19
1633,349,175,2023-01-23 19:15:33
1634,65,660,2023-07-22 22:48:26
1635,376,234,2020-01-02 07:27:34
1636,183,250,2022-08-01 22:47:56
1637,154,503,2022-03-23 00:53:02
1638,376,517,2023-08-13 01:53:34
1639,352,167,2021-04-11 00:20:50
1640,387,622,2022-06-12 19:56:36
1641,95,675,2022-07-07 20:26:03
1642,315,572,2021-09-19 03:06:31
1643,359,652,2021-02-15 08:44:45
1644,182,168,2020-01-25 13:19:44
1645,84,190,2023-03-16 17:19:11
1646,421,130,2023-07-17 22:13:24
1647,169,372,2022-04-25 09:49:03
1648,29,412,2021-02-08 14:34:08
1649,385,728,2020-12-25 14:22:13
1650,24,407,2021-04-02 14:53:02
1651,159,333,2022-01-09 03:32:24
1652,216,667,2023-06-04 06:23:30
1653,406,841,2022-06-02 20:39:20
1654,260,907,2022-04-08 18:09:38
1655,370,76,2023-08-03 18:48:19
1656,386,598,2022-06-10 10:58:32
1657,372,986,2021-05-14 10:25:10
1658,64,173,2023-10-18 08:00:45
1659,425,540,2023-05-07 05:58:38
1660,89,487,2020-03-07 10:24:43
1661,264,872,2021-02-06 22:00:38
1662,46,306,2023-08-05 08:28:40
1663,190,504,2022-12-16 09:04:59
1664,98,809,2021-12-06 06:33:34
1665,443,636,2021-09-15 02:33:27
1666,471,284,2022-06-23 10:29:36
1667,321,625,2022-04-06 00:49:26
1668,2,376,2021-06-13 18:51:28
1669,341,949,2023-03-20 06:26:42
1670,180,38,2022-06-17 15:41:25
1671,465,50,2023-03-16 07:54:34
1672,218,563,2020-10-31 08:09:06
1673,44,374,2021-11-18 06:08:15
1674,83,914,2020-12-03 21:07:18
1675,244,341,2021-06-13 09:09:31
1676,378,346,2020-12-14 16:25:46
1677,434,530,2023-03-06 03:00:23
1678,470,110,2023-11-11 13:12:46
1679,72,492,2022-05-03 03:18:29
1680,352,309,2021-01-29 16:06:33
1681,105,980,2022-07-05 06:23:00
1682,489,293,2023-09-22 12:09:39
1683,252,241,2023-11-18 01:23:20
1684,170,140,2022-10-22 17:05:24
1685,236,810,2022-01-21 04:18:10
1686,364,256,2020-03-06 07:44:45
1687,89,640,2021-02-04 23:21:08
1688,374,781,2022-04-29 15:59:32
1689,363,503,2021-10-12 07:40:42
1690,379,213,2020-05-15 18:49:30
1691,154,72,2020-08-08 17:49:19
1692,61,135,2021-12-03 10:48:14
1693,44,204,2023-12-26 20:04:10
1694,27,557,2020-12-07 06:56:37
1695,376,734,2021-08-19 21:27:57
1696,217,380,2020-10-10 18:12:57
1697,343,496,2023-07-31 17:19:59
1698,173,901,2020-06-08 13:07:45
1699,363,600,2021-10-28 13:39:48
1700,266,764,2021-11-17 16:39:32
1701,418,808,2022-09-21 16:32:28
1702,101,922,2022-08-07 03:58:04
1703,300,624,2022-02-08 23:18:02
1704,144,409,2021-11-09 09:08:55
1705,238,32,2022-12-30 03:26:28
1706,1,769,2023-02-19 03:49:22
1707,390,535,2021-02-24 17:21:56
1708,205,579,2021-03-16 16:15:50
1709,321,864,2021-01-18 12:40:47
1710,459,687,2022-01-17 09:25:41
1711,374,894,2023-12-04 06:57:04
1712,308,220,2022-12-28 20:48:15
1713,85,733,2020-12-02 22:03:16
1714,123,204,2021-12-22 12:11:55
1715,176,557,2021-04-30 21:21:10
1716,419,747,2020-06-03 20:04:29
1717,363,434,2021-06-02 05:25:06
1718,382,74,2023-11-27 15:15:19
1719,131,653,2022-01-02 00:20:36
1720,16,408,2022-08-11 23:53:42
1721,348,324,2021-01-12 13:05:25
1722,262,747,2023-08-28 01:51:25
1723,182,895,2020-09-17 18:38:30
1724,255,250,2020-02-26 11:25:57
1725,417,379,2023-12-04 01:04:17
1726,240,271,2023-06-08 22:52:45
1727,120,523,2022-02-19 07:46:50
1728,84,78,2023-09-04 06:39:34
1729,215,166,2021-09-22 06:36:44
1730,460,43,2023-11-02 05:12:42
1731,343,565,2023-03-24 08:14:14
1732,310,730,2020-01-15 22:29:18
1733,18,933,2022-09-28 19:35:46
1734,462,130,2023-11-25 04:08:51
1735,406,188,2021-01-24 13:17:42
1736,196,909,2020-05-07 18:11:29
1737,354,712,2020-06-20 17:21:41
1738,284,196,2023-08-01 17:04:17
1739,486,935,2023-02-09 17:41:19
1740,238,827,2023-08-29 06:57:21
1741,371,558,2020-07-27 08:58:07
1742,186,723,2023-10-09 14:18:17
1743,57,617,2022-07-11 14:45:06
1744,69,710,2021-08-15 20:14:53
1745,11,650,2021-12-29 22:06:17
1746,353,101,2021-10-13 06:52:54
1747,280,937,2020-06-19 17:44:37
1748,88,658,2022-10-06 07:50:53
1749,390,486,2022-05-12 23:22:34
1750,500,122,2021-04-09 13:03:55
1751,363,42,2023-01-11 07:11:18
1752,234,139,2020-12-10 05:24:12
1753,307,42,2022-03-29 18:45:11
1754,113,205,2022-09-18 19:06:50
1755,344,657,2021-05-27 08:04:49
1756,443,20,2023-05-31 08:01:34
1757,431,798,2021-06-22 01:43:57
1758,464,174,2023-04-12 00:30:07
1759,381,567,2020-11-13 15:58:19
1760,499,904,2023-10-04 01:24:14
1761,282,505,2023-11-28 04:01:32
1762,375,894,2021-11-08 20:24:18
1763,140,744,2021-06-07 03:01:19
1764,216,132,2022-08-07 12:42:35
1765,380,662,2021-06-06 20:43:22
1766,95,829,2020-04-21 17:38:56
1767,200,811,2021-02-04 08:53:06
1768,271,930,2022-02-07 00:37:02
1769,44,426,2022-09-17 18:54:39
1770,185,29,2021-03-29 20:38:46
1771,296,707,2021-06-22 23:45:57
1772,254,942,2020-03-18 01:31:09
1773,341,992,2023-05-15 16:33:22
1774,494,671,2022-12-01 17:04:55
1775,10,581,2021-01-04 00:26:25
1776,324,226,2022-02-14 20:04:09
1777,407,578,2020-07-28 15:38:18
1778,127,548,2022-09-23 06:25:23
1779,244,694,2021-07-30 21:41:04
1780,454,161,2021-09-05 21:09:04
1781,115,830,2020-05-30 18:55:48
1782,384,842,2023-11-02 13:12:24
1783,198,452,2023-02-11 22:54:01
1784,461,459,2020-12-04 17:58:51
1785,407,241,2023-04-22 15:28:57
1786,138,26,2020-05-04 05:07:01
1787,123,554,2021-07-09 18:50:11
1788,201,532,2020-07-01 22:59:31
1789,349,160,2022-02-20 12:49:26
1790,159,339,2022-11-08 10:26:56
1791,19,948,2023-04-07 16:00:13
1792,350,777,2022-12-09 15:30:29
1793,139,95,2023-12-06 16:40:16
1794,1,28,2023-02-06 08:32:57
1795,387,540,2022-02-26 00:26:39
1796,152,607,2023-05-25 20:59:08
1797,190,162,2021-02-26 07:15:50
1798,228,555,2023-10-02 19:26:11
1799,261,848,2021-06-24 18:17:59
1800,35,135,2021-09-26 21:19:55
1801,15,770,2021-12-08 07:14:31
1802,452,695,2020-03-28 09:42:09
1803,114,723,2022-09-26 16:39:09
1804,19,710,2022-06-27 09:15:52
1805,39,386,2023-04-26 03:48:27
1806,333,861,2020-04-18 02:51:00
1807,479,36,2020-07-28 06:12:03
1808,257,109,2020-01-21 07:23:52
1809,335,794,2021-04-01 21:34:09
1810,133,933,2022-02-01 00:37:34
1811,235,576,2020-10-17 05:54:47
1812,71,192,2023-11-23 21:58:55
1813,88,184,2020-04-27 19:56:29
1814,311,634,2023-05-14 16:59:41
1815,23,216,2022-04-08 04:05:41
1816,408,638,2023-08-31 00:54:24
1817,10,822,2023-09-06 19:11:24
1818,393,909,2021-02-14 14:24:18
1819,171,707,2021-11-26 20:52:25
1820,121,343,2023-08-10 20:09:33
1821,28,940,2020-07-01 08:03:02
1822,238,875,2022-07-03 22:35:29
1823,184,722,2021-09-29 12:07:25
1824,53,980,2020-07-31 09:10:13
1825,126,612,2022-10-04 21:57:27
1826,38,789,2023-06-04 20:07:39
1827,67,508,2020-02-20 23:35:33
1828,469,587,2022-03-27 06:49:47
1829,471,55,2021-05-25 22:28:11
1830,110,717,2022-04-23 16:27:07
1831,197,782,2023-02-14 00:55:07
1832,153,933,2021-03-29 10:26:23
1833,181,526,2021-07-08 21:06:10
1834,313,190,2023-06-29 10:26:08
1835,394,444,2022-04-16 23:38:00
1836,191,766,2021-06-24 05:05:38
1837,46,886,2022-05-25 21:13:07
1838,156,491,2022-02-17 05:56:21
1839,425,281,2020-07-10 11:49:50
1840,131,914,2020-09-11 18:37:35
1841,115,762,2022-08-21 13:11:32
1842,322,982,2023-05-31 22:14:46
1843,110,606,2020-03-24 08:22:07
1844,455,239,2021-02-20 03:38:23
1845,107,142,2022-12-24 05:02:38
1846,71,480,2022-10-10 20:10:08
1847,403,578,2023-03-24 21:24:17
1848,486,622,2020-01-26 04:53:42
1849,205,442,2020-05-09 21:16:51
1850,439,161,2022-05-11 21:20:10
1851,183,676,2022-10-20 00:09:54
1852,413,190,2020-10-25 18:37:46
1853,160,491,2022-12-06 03:02:42
1854,66,898,2022-03-15 03:12:18
1855,219,692,2021-08-27 08:04:43
1856,464,992,2020-05-02 15:37:20
1857,230,531,2020-09-04 12:19:58
1858,427,657,2020-05-13 22:41:08
1859,55,480,2021-04-02 16:24:08
1860,386,274,2020-12-21 06:37:02
1861,306,787,2021-07-02 04:06:04
1862,200,45,2021-05-08 11:54:27
1863,79,26,2022-02-18 11:56:58
1864,233,450,2022-05-24 01:32:05
1865,422,641,2023-07-12 11:27:01
1866,200,141,2021-07-15 06:01:57
1867,449,55,2022-01-19 11:57:18
1868,475,762,2022-04-16 01:24:55
1869,159,110,2021-07-18 02:45:14
1870,104,725,2022-03-19 21:53:13
1871,415,907,2020-12-23 14:31:45
1872,349,508,2022-06-08 05:27:32
1873,206,733,2020-02-24 06:15:25
1874,228,743,2020-06-12 08:55:43
1875,479,122,2020-11-24 14:15:42
1876,167,394,2021-10-08 14:14:23
1877,246,434,2023-11-11 13:49:05
1878,471,43,2023-03-22 09:03:37
1879,7,625,2023-06-03 11:38:11
1880,33,811,2023-09-18 09:48:24
1881,433,896,2020-07-14 14:40:30
1882,441,444,2021-05-07 00:54:47
1883,384,921,2020-05-21 18:09:38
1884,169,400,2021-10-09 17:23:29
1885,347,884,2021-03-07 22:06:19
1886,409,802,2022-09-18 04:10:27
1887,488,662,2020-02-02 00:59:45
1888,251,732,2021-06-29 06:25:27
1889,41,610,2022-02-23 08:52:21
1890,440,960,2020-11-20 05:07:37
1891,65,189,2020-01-20 01:57:37
1892,208,40,2020-12-08 09:22:09
1893,66,969,2022-03-11 01:29:58
1894,252,212,2021-10-01 11:28:04
1895,385,424,2020-09-27 21:47:29
1896,389,160,2023-09-18 19:23:50
1897,246,657,2020-08-15 08:13:01
1898,410,416,2021-08-01 21:04:10
1899,146,576,2023-02-08 12:20:26
1900,120,696,2023-11-28 06:48:10
1901,376,379,2022-02-25 17:57:28
1902,98,447,2021-05-07 20:08:17
1903,306,289,2021-07-26 10:12:51
1904,255,196,2022-02-07 12:00:38
1905,322,92,2021-09-30 15:43:12
1906,48,216,2022-06-08 00:25:23
1907,122,285,2021-09-10 03:29:13
1908,404,47,2021-12-09 10:53:07
1909,409,908,2021-10-27 17:12:17
1910,456,175,2021-07-02 08:21:22
1911,485,725,2023-09-06 12:10:14
1912,416,823,2021-07-16 14:14:49
1913,392,845,2022-12-08 13:27:08
1914,144,476,2022-09-23 06:42:18
1915,277,642,2023-04-24 17:40:23
1916,182,851,2022-04-23 07:44:22
1917,57,586,2022-08-20 03:59:32
1918,377,150,2020-02-13 04:29:07
1919,171,636,2020-04-20 21:13:52
1920,9,955,2023-03-08 17:52:32
1921,84,217,2022-04-09 23:21:47
1922,215,977,2020-09-25 16:12:06
1923,371,147,2023-07-18 06:31:28
1924,32,971,2020-04-14 12:02:16
1925,26,98,2022-02-03 13:52:43
1926,25,183,2020-05-05 01:42:02
1927,46,913,2023-05-17 01:50:58
1928,293,160,2023-08-01 00:18:26
1929,421,711,2022-09-01 11:35:44
1930,168,222,2021-05-27 16:46:17
1931,318,911,2021-12-12 08:50:06
1932,196,762,2020-07-02 14:24:27
1933,20,828,2021-01-23 08:42:53
1934,243,560,2023-06-06 04:55:33
1935,93,901,2023-07-18 00:14:51
1936,249,604,2023-01-31 17:16:37
1937,430,776,2021-04-25 00:44:31
1938,455,263,2023-12-24 11:55:14
1939,360,637,2021-03-04 00:58:15
1940,141,565,2021-09-19 14:54:18
1941,165,462,2023-10-23 12:45:06
1942,381,555,2020-01-16 20:33:09
1943,46,200,2020-12-17 12:44:52
1944,7,921,2020-10-06 08:01:24
1945,36,566,2023-02-22 07:45:13
1946,70,953,2023-11-08 01:06:43
1947,210,136,2020-11-02 22:41:44
1948,91,788,2022-08-25 08:19:36
1949,53,143,2022-12-17 20:47:05
1950,229,493,2023-01-18 21:30:41
1951,360,859,2023-02-20 04:27:01
1952,453,494,2021-12-06 17:57:45
1953,322,302,2021-11-22 01:43:18
1954,243,227,2023-01-26 05:53:40
1955,385,504,2022-11-12 08:12:01
1956,127,136,2022-03-03 21:49:58
1957,361,887,2021-11-05 02:45:05
1958,40,474,2023-05-14 19:08:25
1959,219,965,2023-06-05 02:23:30
1960,331,276,2023-10-06 06:39:34
1961,312,896,2020-07-10 05:51:40
1962,127,790,2021-11-09 14:34:46
1963,454,848,2023-05-25 18:16:39
1964,281,379,2022-06-13 16:07:00
1965,188,31,2022-07-04 01:08:04
1966,138,731,2023-04-11 04:23:01
1967,486,837,2023-09-25 19:38:33
1968,344,476,2023-06-02 17:03:13
1969,131,353,2021-01-29 11:29:41
1970,493,275,2021-09-24 20:46:37
1971,258,466,2022-07-12 10:21:15
1972,426,472,2022-05-15 14:10:16
1973,93,306,2020-01-20 19:42:02
1974,352,135,2022-01-28 22:24:42
1975,460,868,2020-09-01 00:17:45
1976,251,373,2022-04-05 08:06:56
1977,446,601,2021-03-10 14:30:16
1978,52,683,2022-09-23 08:50:39
1979,301,623,2023-07-18 04:28:02
1980,363,850,2020-05-04 22:13:55
1981,271,881,2020-08-05 05:57:29
1982,207,531,2022-10-06 23:22:12
1983,422,778,2020-04-23 12:38:53
1984,314,970,2022-12-20 02:46:53
1985,185,195,2023-06-13 04:00:18
1986,406,614,2023-07-17 08:20:48
1987,418,50,2021-04-28 12:00:20
1988,30,400,2020-01-24 22:44:03
1989,202,734,2023-03-09 13:34:27
1990,261,827,2021-09-17 23:10:28
1991,149,960,2020-06-07 03:30:48
1992,364,886,2021-04-11 06:59:34
1993,269,283,2022-02-05 03:44:11
1994,123,742,2020-06-16 14:47:41
1995,99,947,2022-11-20 21:52:14
1996,265,383,2022-01-21 14:48:15
1997,241,61,2020-12-24 19:27:08
1998,79,464,2020-12-07 12:57:52
1999,82,266,2021-02-08 20:56:25
2000,3,862,2021-07-22 19:47:23
