post_id,user_id,content,created_at
1,254,This is post 1,2023-01-28 22:32:45
2,22,This is post 2,2020-06-25 21:15:36
3,452,This is post 3,2022-01-28 00:50:39
4,468,This is post 4,2021-03-15 05:42:33
5,11,This is post 5,2022-12-01 17:42:40
6,397,This is post 6,2020-04-02 03:05:30
7,318,This is post 7,2021-03-26 01:08:53
8,17,This is post 8,2020-12-04 20:05:30
9,13,This is post 9,2022-12-13 10:45:17
10,200,This is post 10,2020-03-29 14:33:38
11,404,This is post 11,2022-02-18 10:22:51
12,378,This is post 12,2023-02-08 03:14:54
13,222,This is post 13,2020-05-15 02:22:49
14,289,This is post 14,2022-05-27 19:25:34
15,349,This is post 15,2021-09-29 09:13:19
16,146,This is post 16,2023-12-28 20:52:35
17,29,This is post 17,2021-02-14 01:09:32
18,249,This is post 18,2022-04-15 01:01:21
19,150,This is post 19,2022-02-04 19:33:43
20,500,This is post 20,2023-06-22 14:27:37
21,102,This is post 21,2021-04-19 20:16:39
22,91,This is post 22,2022-02-07 01:26:44
23,26,This is post 23,2023-10-10 08:34:42
24,36,This is post 24,2020-09-01 10:46:18
25,292,This is post 25,2021-02-17 08:13:38
26,84,This is post 26,2020-08-25 00:31:27
27,236,This is post 27,2020-11-08 01:44:56
28,433,This is post 28,2020-07-03 17:53:57
29,394,This is post 29,2023-07-13 04:34:58
30,344,This is post 30,2022-02-10 16:10:24
31,189,This is post 31,2021-04-24 12:20:31
32,352,This is post 32,2023-07-19 00:28:43
33,492,This is post 33,2020-10-15 19:27:19
34,338,This is post 34,2022-04-26 10:38:49
35,62,This is post 35,2021-07-18 01:43:23
36,271,This is post 36,2020-10-04 03:40:35
37,330,This is post 37,2020-10-24 10:14:23
38,196,This is post 38,2021-05-26 01:57:28
39,441,This is post 39,2023-11-23 03:33:18
40,246,This is post 40,2022-05-04 17:28:41
41,306,This is post 41,2023-03-04 06:31:35
42,441,This is post 42,2020-02-07 00:59:20
43,91,This is post 43,2022-01-01 11:21:17
44,216,This is post 44,2020-07-15 12:38:44
45,468,This is post 45,2021-11-08 03:30:52
46,437,This is post 46,2020-01-30 00:08:59
47,96,This is post 47,2022-07-24 02:49:42
48,285,This is post 48,2022-09-02 08:20:57
49,56,This is post 49,2023-02-25 11:25:20
50,263,This is post 50,2020-10-25 13:42:07
51,398,This is post 51,2023-01-08 13:15:22
52,438,This is post 52,2020-03-20 00:46:48
53,26,This is post 53,2022-11-07 02:17:07
54,4,This is post 54,2022-07-26 04:27:55
55,50,This is post 55,2021-02-27 06:21:18
56,362,This is post 56,2022-03-26 14:52:09
57,86,This is post 57,2023-10-02 00:44:57
58,349,This is post 58,2020-05-27 21:45:03
59,43,This is post 59,2020-02-10 12:01:10
60,183,This is post 60,2020-02-28 19:44:06
61,321,This is post 61,2022-02-24 11:13:20
62,492,This is post 62,2022-03-11 14:30:09
63,180,This is post 63,2022-08-24 08:38:48
64,134,This is post 64,2023-05-06 14:50:41
65,259,This is post 65,2020-06-14 07:36:45
66,189,This is post 66,2020-02-28 08:48:50
67,365,This is post 67,2023-04-07 13:55:13
68,333,This is post 68,2021-11-09 18:11:22
69,160,This is post 69,2022-12-07 12:03:55
70,53,This is post 70,2021-02-06 05:41:57
71,342,This is post 71,2023-02-06 00:45:30
72,99,This is post 72,2021-10-31 23:27:27
73,128,This is post 73,2020-07-04 18:01:36
74,105,This is post 74,2020-03-08 01:11:01
75,418,This is post 75,2021-01-04 23:27:07
76,163,This is post 76,2020-04-03 06:43:16
77,338,This is post 77,2022-09-11 17:15:39
78,329,This is post 78,2020-12-03 03:56:36
79,143,This is post 79,2023-01-11 16:12:19
80,490,This is post 80,2023-03-24 19:47:06
81,126,This is post 81,2023-12-05 10:31:56
82,452,This is post 82,2020-11-28 20:52:40
83,97,This is post 83,2022-02-11 00:34:59
84,75,This is post 84,2022-12-30 00:05:33
85,76,This is post 85,2022-08-09 14:44:20
86,119,This is post 86,2023-02-13 21:25:37
87,495,This is post 87,2020-10-04 13:44:07
88,117,This is post 88,2020-04-29 23:44:16
89,23,This is post 89,2021-07-05 07:02:10
90,215,This is post 90,2022-07-25 05:02:39
91,410,This is post 91,2021-11-05 06:34:52
92,91,This is post 92,2023-11-03 12:27:48
93,99,This is post 93,2023-06-30 16:28:34
94,395,This is post 94,2022-02-01 23:31:21
95,321,This is post 95,2023-08-16 01:02:08
96,67,This is post 96,2021-04-13 17:45:24
97,192,This is post 97,2020-01-15 22:10:59
98,158,This is post 98,2020-10-09 20:35:51
99,190,This is post 99,2021-05-06 11:21:02
100,318,This is post 100,2022-02-23 07:16:02
101,315,This is post 101,2023-03-31 17:09:58
102,359,This is post 102,2020-11-02 10:43:41
103,229,This is post 103,2021-04-21 09:25:41
104,293,This is post 104,2021-12-15 06:51:40
105,12,This is post 105,2023-01-13 14:35:02
106,363,This is post 106,2023-11-17 23:20:54
107,353,This is post 107,2022-09-03 23:30:49
108,51,This is post 108,2020-11-17 08:50:23
109,360,This is post 109,2023-06-16 14:00:52
110,9,This is post 110,2020-06-21 19:08:53
111,469,This is post 111,2023-01-31 04:14:27
112,471,This is post 112,2022-11-07 16:45:41
113,2,This is post 113,2020-07-28 07:44:55
114,168,This is post 114,2022-01-14 09:37:49
115,482,This is post 115,2021-09-09 08:45:57
116,91,This is post 116,2021-02-01 03:50:13
117,158,This is post 117,2020-08-09 16:50:04
118,192,This is post 118,2022-12-01 12:08:32
119,419,This is post 119,2022-07-24 21:59:15
120,486,This is post 120,2021-04-12 05:41:02
121,129,This is post 121,2021-06-25 17:28:24
122,93,This is post 122,2022-12-25 10:39:26
123,354,This is post 123,2020-09-02 15:15:27
124,123,This is post 124,2023-02-23 07:05:37
125,377,This is post 125,2023-10-22 01:12:56
126,199,This is post 126,2020-09-08 00:46:26
127,55,This is post 127,2020-01-15 12:56:42
128,82,This is post 128,2023-05-26 00:47:12
129,360,This is post 129,2023-09-11 03:06:17
130,109,This is post 130,2023-07-14 09:36:50
131,447,This is post 131,2022-03-17 12:28:42
132,445,This is post 132,2020-03-12 01:20:16
133,295,This is post 133,2023-02-14 10:06:59
134,187,This is post 134,2023-05-21 15:59:54
135,277,This is post 135,2023-12-21 03:19:13
136,425,This is post 136,2020-01-30 09:50:46
137,132,This is post 137,2023-03-23 14:53:52
138,299,This is post 138,2022-10-17 14:31:38
139,141,This is post 139,2020-05-31 00:25:46
140,91,This is post 140,2022-12-08 02:36:29
141,153,This is post 141,2021-05-05 19:41:49
142,247,This is post 142,2020-08-30 07:36:10
143,82,This is post 143,2022-02-28 07:42:56
144,55,This is post 144,2022-03-11 16:02:55
145,465,This is post 145,2023-02-13 03:31:25
146,278,This is post 146,2022-09-14 16:38:36
147,45,This is post 147,2023-12-23 05:33:21
148,22,This is post 148,2023-09-06 09:38:26
149,282,This is post 149,2020-04-05 05:04:25
150,328,This is post 150,2023-03-24 09:01:14
151,246,This is post 151,2020-11-11 03:49:12
152,274,This is post 152,2021-04-04 16:46:13
153,460,This is post 153,2021-03-12 16:04:54
154,480,This is post 154,2020-01-24 06:18:37
155,43,This is post 155,2021-04-23 02:16:01
156,82,This is post 156,2022-11-01 13:03:20
157,232,This is post 157,2022-03-31 16:50:20
158,442,This is post 158,2021-09-23 17:40:24
159,185,This is post 159,2020-09-24 03:26:11
160,418,This is post 160,2023-06-04 05:36:37
161,304,This is post 161,2022-04-09 20:39:35
162,471,This is post 162,2020-01-21 01:33:02
163,462,This is post 163,2023-05-13 23:38:46
164,436,This is post 164,2020-06-29 15:34:11
165,408,This is post 165,2022-12-25 01:15:02
166,462,This is post 166,2023-10-04 06:35:21
167,486,This is post 167,2023-03-17 21:58:29
168,205,This is post 168,2020-05-02 10:05:45
169,159,This is post 169,2021-09-28 19:24:42
170,64,This is post 170,2023-02-20 08:13:04
171,165,This is post 171,2020-01-11 08:20:03
172,413,This is post 172,2021-01-21 15:02:10
173,493,This is post 173,2023-12-09 01:01:07
174,34,This is post 174,2023-12-03 04:50:28
175,260,This is post 175,2023-10-20 14:25:08
176,52,This is post 176,2023-11-29 01:59:16
177,259,This is post 177,2022-05-08 17:10:30
178,29,This is post 178,2023-05-31 19:32:51
179,388,This is post 179,2021-03-20 16:51:17
180,346,This is post 180,2021-06-16 06:39:48
181,395,This is post 181,2021-03-27 13:46:29
182,395,This is post 182,2021-10-30 09:10:24
183,96,This is post 183,2020-09-03 15:24:43
184,142,This is post 184,2020-11-19 13:16:46
185,260,This is post 185,2022-01-13 12:57:09
186,80,This is post 186,2023-08-01 11:29:56
187,317,This is post 187,2021-01-26 08:48:15
188,340,This is post 188,2022-06-02 00:43:18
189,430,This is post 189,2023-05-23 18:01:30
190,102,This is post 190,2020-03-30 18:27:24
191,291,This is post 191,2021-05-17 05:35:04
192,9,This is post 192,2022-07-02 12:43:01
193,82,This is post 193,2020-09-18 22:24:10
194,125,This is post 194,2023-12-12 17:42:58
195,484,This is post 195,2020-07-22 03:07:17
196,381,This is post 196,2022-12-04 07:56:21
197,148,This is post 197,2020-04-21 07:03:52
198,18,This is post 198,2020-10-06 01:40:52
199,377,This is post 199,2021-09-26 05:29:42
200,197,This is post 200,2021-11-05 19:29:04
201,201,This is post 201,2020-12-19 15:35:20
202,425,This is post 202,2020-01-15 04:17:46
203,462,This is post 203,2020-03-13 23:35:46
204,69,This is post 204,2021-01-05 00:42:55
205,81,This is post 205,2022-11-01 05:35:48
206,219,This is post 206,2020-10-17 03:44:16
207,430,This is post 207,2021-08-18 07:28:32
208,131,This is post 208,2020-09-29 14:52:35
209,495,This is post 209,2021-12-29 12:08:25
210,22,This is post 210,2021-03-25 08:46:35
211,33,This is post 211,2020-04-06 00:54:47
212,391,This is post 212,2023-11-22 08:31:18
213,339,This is post 213,2021-01-15 20:29:00
214,195,This is post 214,2023-01-14 22:24:39
215,478,This is post 215,2023-05-26 07:14:58
216,319,This is post 216,2022-12-31 11:41:58
217,205,This is post 217,2022-09-06 08:12:31
218,345,This is post 218,2021-12-07 06:05:12
219,190,This is post 219,2020-02-22 23:18:10
220,159,This is post 220,2022-01-15 01:06:03
221,412,This is post 221,2022-02-11 04:26:36
222,174,This is post 222,2023-12-02 21:25:48
223,283,This is post 223,2021-04-22 14:04:00
224,445,This is post 224,2021-12-20 07:24:35
225,327,This is post 225,2022-08-09 12:01:30
226,46,This is post 226,2022-05-24 02:10:35
227,220,This is post 227,2020-07-09 22:16:39
228,90,This is post 228,2023-10-08 09:18:59
229,141,This is post 229,2020-01-19 01:34:05
230,73,This is post 230,2023-08-11 23:01:50
231,433,This is post 231,2023-01-08 08:04:07
232,292,This is post 232,2023-04-21 23:37:31
233,317,This is post 233,2023-11-03 02:42:09
234,417,This is post 234,2021-02-28 18:37:20
235,64,This is post 235,2023-12-10 03:24:26
236,133,This is post 236,2022-01-25 01:01:36
237,478,This is post 237,2022-10-15 15:19:01
238,12,This is post 238,2022-07-15 08:25:52
239,284,This is post 239,2020-05-31 05:55:07
240,272,This is post 240,2022-07-14 22:12:28
241,348,This is post 241,2022-08-09 14:28:58
242,136,This is post 242,2022-11-18 10:10:46
243,201,This is post 243,2020-12-26 06:47:05
244,419,This is post 244,2022-06-20 02:33:43
245,45,This is post 245,2021-09-29 21:06:58
246,30,This is post 246,2021-10-03 02:48:57
247,312,This is post 247,2023-04-13 20:58:27
248,308,This is post 248,2023-09-30 01:34:55
249,486,This is post 249,2023-04-07 14:24:51
250,287,This is post 250,2021-10-01 08:58:27
251,395,This is post 251,2023-11-07 03:51:10
252,90,This is post 252,2023-09-20 00:18:30
253,219,This is post 253,2022-10-03 06:29:10
254,251,This is post 254,2021-06-26 01:54:04
255,85,This is post 255,2020-09-21 22:57:43
256,402,This is post 256,2021-06-10 18:00:27
257,361,This is post 257,2022-06-20 11:27:18
258,392,This is post 258,2021-05-28 10:24:30
259,496,This is post 259,2020-11-11 00:33:11
260,83,This is post 260,2022-04-01 19:46:36
261,86,This is post 261,2022-10-03 10:55:17
262,175,This is post 262,2022-05-01 10:30:35
263,434,This is post 263,2022-06-27 11:03:18
264,272,This is post 264,2021-06-20 14:53:48
265,482,This is post 265,2022-09-20 23:55:06
266,364,This is post 266,2022-05-28 10:01:59
267,5,This is post 267,2022-07-08 05:10:52
268,280,This is post 268,2022-07-22 18:36:18
269,103,This is post 269,2022-05-13 14:33:43
270,175,This is post 270,2022-08-17 18:16:06
271,349,This is post 271,2021-05-04 01:56:17
272,494,This is post 272,2023-01-09 15:10:58
273,400,This is post 273,2021-06-18 17:18:01
274,496,This is post 274,2020-08-19 01:48:20
275,438,This is post 275,2021-03-20 19:30:34
276,482,This is post 276,2022-10-20 13:23:30
277,12,This is post 277,2020-04-17 23:49:32
278,10,This is post 278,2023-07-07 01:41:40
279,330,This is post 279,2021-03-16 06:33:26
280,448,This is post 280,2023-08-10 15:55:04
281,53,This is post 281,2022-01-28 11:24:55
282,27,This is post 282,2022-11-01 07:15:56
283,423,This is post 283,2020-07-25 08:15:21
284,479,This is post 284,2022-11-26 14:28:39
285,163,This is post 285,2021-12-26 14:13:09
286,399,This is post 286,2023-12-22 06:25:34
287,39,This is post 287,2021-09-19 03:05:16
288,253,This is post 288,2020-11-12 02:16:50
289,168,This is post 289,2023-07-18 05:08:57
290,27,This is post 290,2020-07-28 15:01:23
291,398,This is post 291,2022-11-17 15:00:17
292,54,This is post 292,2023-03-20 23:02:25
293,258,This is post 293,2022-04-01 05:25:50
294,125,This is post 294,2022-02-07 00:57:14
295,481,This is post 295,2021-07-08 03:57:53
296,114,This is post 296,2023-03-28 15:39:13
297,416,This is post 297,2021-07-02 16:45:31
298,478,This is post 298,2020-09-09 17:10:13
299,257,This is post 299,2020-06-06 22:25:43
300,108,This is post 300,2022-03-25 02:18:18
301,237,This is post 301,2020-10-03 02:33:07
302,130,This is post 302,2023-10-24 16:52:09
303,441,This is post 303,2020-12-08 19:15:57
304,304,This is post 304,2020-02-27 19:37:18
305,328,This is post 305,2022-11-02 11:26:31
306,423,This is post 306,2020-03-10 12:01:09
307,490,This is post 307,2021-02-25 23:25:00
308,160,This is post 308,2020-02-04 09:51:55
309,465,This is post 309,2021-09-18 23:57:55
310,265,This is post 310,2020-08-20 13:48:00
311,259,This is post 311,2021-09-25 22:26:48
312,145,This is post 312,2021-11-01 11:58:32
313,114,This is post 313,2023-07-07 01:20:27
314,131,This is post 314,2022-11-19 05:09:22
315,210,This is post 315,2020-01-30 06:41:55
316,457,This is post 316,2020-10-08 15:46:52
317,112,This is post 317,2020-07-26 21:55:07
318,245,This is post 318,2023-06-08 18:15:43
319,472,This is post 319,2023-12-18 23:44:28
320,25,This is post 320,2022-10-04 02:54:00
321,461,This is post 321,2023-09-21 12:20:36
322,108,This is post 322,2022-03-13 16:02:30
323,94,This is post 323,2021-03-19 15:06:31
324,29,This is post 324,2021-12-16 11:07:13
325,243,This is post 325,2022-09-04 00:12:52
326,166,This is post 326,2023-07-07 07:59:22
327,110,This is post 327,2020-10-19 05:20:23
328,337,This is post 328,2022-04-14 20:33:53
329,125,This is post 329,2023-07-06 04:47:59
330,282,This is post 330,2021-04-11 22:27:03
331,468,This is post 331,2023-10-29 21:30:41
332,88,This is post 332,2022-11-05 00:00:11
333,497,This is post 333,2022-10-22 14:17:40
334,44,This is post 334,2023-04-23 18:13:09
335,20,This is post 335,2023-06-24 17:26:33
336,26,This is post 336,2020-12-03 10:15:11
337,62,This is post 337,2021-08-10 16:16:35
338,421,This is post 338,2022-06-13 03:56:33
339,485,This is post 339,2023-08-07 01:19:35
340,490,This is post 340,2023-08-12 04:06:38
341,144,This is post 341,2021-02-21 16:41:20
342,441,This is post 342,2021-12-03 02:48:01
343,217,This is post 343,2023-09-06 14:20:37
344,349,This is post 344,2023-04-21 02:43:14
345,281,This is post 345,2022-07-11 12:55:23
346,199,This is post 346,2021-03-06 14:01:09
347,97,This is post 347,2022-05-27 11:12:20
348,498,This is post 348,2023-04-17 01:27:32
349,345,This is post 349,2021-10-04 03:01:15
350,478,This is post 350,2023-04-22 23:27:49
351,340,This is post 351,2022-05-05 20:49:41
352,151,This is post 352,2020-05-14 01:35:22
353,497,This is post 353,2022-01-08 01:06:04
354,395,This is post 354,2022-05-09 22:54:28
355,249,This is post 355,2022-06-19 20:07:58
356,45,This is post 356,2020-04-17 12:50:48
357,141,This is post 357,2021-05-25 06:14:34
358,289,This is post 358,2022-08-19 03:56:23
359,183,This is post 359,2022-12-10 16:12:05
360,413,This is post 360,2023-01-21 03:45:36
361,401,This is post 361,2023-09-06 23:37:42
362,152,This is post 362,2021-03-22 15:21:26
363,53,This is post 363,2023-12-23 20:33:02
364,321,This is post 364,2023-12-26 13:33:21
365,200,This is post 365,2020-02-14 01:20:02
366,155,This is post 366,2021-09-09 19:38:09
367,158,This is post 367,2022-01-13 05:24:05
368,335,This is post 368,2023-01-02 05:23:47
369,302,This is post 369,2022-01-05 04:47:20
370,10,This is post 370,2022-08-28 05:59:06
371,422,This is post 371,2022-12-30 14:41:27
372,35,This is post 372,2023-03-31 10:10:43
373,244,This is post 373,2023-01-19 10:15:21
374,235,This is post 374,2020-10-18 13:32:20
375,32,This is post 375,2023-09-01 05:49:09
376,66,This is post 376,2022-09-05 19:35:41
377,235,This is post 377,2022-03-27 01:34:21
378,231,This is post 378,2023-04-17 10:27:23
379,468,This is post 379,2021-09-06 04:27:46
380,321,This is post 380,2020-02-21 13:25:02
381,277,This is post 381,2021-08-21 12:26:02
382,111,This is post 382,2023-11-05 05:39:54
383,234,This is post 383,2023-04-27 01:26:20
384,25,This is post 384,2020-01-30 17:18:50
385,420,This is post 385,2021-10-30 06:56:36
386,224,This is post 386,2020-03-17 23:05:52
387,271,This is post 387,2021-03-20 13:45:41
388,127,This is post 388,2020-10-08 02:04:10
389,337,This is post 389,2022-11-02 08:30:17
390,182,This is post 390,2020-02-13 03:24:51
391,446,This is post 391,2023-11-26 04:44:30
392,161,This is post 392,2020-01-25 09:56:40
393,284,This is post 393,2022-11-07 20:37:50
394,210,This is post 394,2022-07-22 04:15:33
395,252,This is post 395,2023-02-13 12:41:32
396,43,This is post 396,2022-05-05 13:23:51
397,78,This is post 397,2022-02-19 07:16:16
398,213,This is post 398,2020-03-12 12:38:14
399,206,This is post 399,2023-06-03 03:09:53
400,275,This is post 400,2022-06-01 23:38:29
401,92,This is post 401,2023-02-15 23:15:27
402,307,This is post 402,2021-05-28 08:41:48
403,188,This is post 403,2023-09-13 20:00:15
404,170,This is post 404,2023-02-21 05:42:26
405,387,This is post 405,2020-10-28 12:03:33
406,60,This is post 406,2023-03-03 00:46:29
407,10,This is post 407,2022-05-06 11:46:49
408,383,This is post 408,2021-11-11 15:07:29
409,474,This is post 409,2022-08-24 04:05:45
410,278,This is post 410,2023-12-05 20:37:35
411,417,This is post 411,2020-06-19 19:28:08
412,112,This is post 412,2021-08-01 19:02:53
413,215,This is post 413,2023-10-02 03:22:47
414,118,This is post 414,2021-02-02 19:26:06
415,65,This is post 415,2023-11-19 21:18:38
416,167,This is post 416,2022-11-30 14:19:17
417,488,This is post 417,2022-12-09 12:01:28
418,458,This is post 418,2020-01-12 14:36:30
419,274,This is post 419,2021-08-17 10:17:19
420,233,This is post 420,2022-07-01 23:34:17
421,394,This is post 421,2023-10-13 21:24:24
422,234,This is post 422,2020-03-09 06:28:12
423,394,This is post 423,2021-06-24 00:42:41
424,470,This is post 424,2021-12-04 17:16:55
425,126,This is post 425,2023-12-26 14:33:05
426,98,This is post 426,2023-04-05 16:30:22
427,74,This is post 427,2023-02-06 19:33:37
428,91,This is post 428,2022-07-02 09:05:36
429,20,This is post 429,2023-10-14 13:44:23
430,59,This is post 430,2021-10-29 06:16:12
431,112,This is post 431,2023-06-19 04:39:44
432,338,This is post 432,2023-09-25 11:36:36
433,45,This is post 433,2020-09-06 15:28:08
434,445,This is post 434,2020-07-31 10:58:09
435,3,This is post 435,2022-02-22 15:34:26
436,276,This is post 436,2020-11-16 04:52:49
437,425,This is post 437,2023-10-31 07:27:04
438,243,This is post 438,2023-05-30 01:26:50
439,22,This is post 439,2023-07-06 17:44:06
440,307,This is post 440,2023-04-25 12:59:11
441,121,This is post 441,2021-03-18 01:08:39
442,225,This is post 442,2020-07-17 05:41:47
443,273,This is post 443,2020-06-14 02:20:05
444,484,This is post 444,2023-09-02 08:47:55
445,119,This is post 445,2023-08-14 04:11:02
446,286,This is post 446,2023-12-04 01:14:34
447,485,This is post 447,2022-12-09 17:19:09
448,47,This is post 448,2023-01-01 22:35:00
449,316,This is post 449,2022-03-08 11:31:09
450,340,This is post 450,2020-07-24 22:34:59
451,157,This is post 451,2021-11-21 00:08:40
452,293,This is post 452,2020-11-06 17:20:58
453,208,This is post 453,2020-06-18 05:49:31
454,484,This is post 454,2022-09-27 18:27:10
455,496,This is post 455,2022-09-17 18:45:21
456,201,This is post 456,2021-10-19 21:03:15
457,444,This is post 457,2020-07-28 23:52:30
458,183,This is post 458,2023-03-10 15:45:15
459,30,This is post 459,2023-05-18 17:06:18
460,175,This is post 460,2020-08-16 09:33:46
461,297,This is post 461,2023-12-15 15:19:54
462,329,This is post 462,2023-05-26 21:00:48
463,72,This is post 463,2020-01-18 19:41:13
464,500,This is post 464,2021-12-10 09:32:24
465,289,This is post 465,2021-04-30 03:09:39
466,155,This is post 466,2022-06-26 11:22:35
467,235,This is post 467,2021-04-15 21:38:08
468,110,This is post 468,2022-07-11 03:09:34
469,356,This is post 469,2021-08-10 08:31:27
470,337,This is post 470,2023-08-01 21:31:52
471,1,This is post 471,2023-11-05 23:44:40
472,160,This is post 472,2022-09-20 23:25:15
473,380,This is post 473,2023-10-29 04:07:58
474,255,This is post 474,2021-11-27 06:16:37
475,154,This is post 475,2021-11-06 16:37:30
476,375,This is post 476,2023-11-01 09:51:36
477,255,This is post 477,2021-05-27 18:21:51
478,72,This is post 478,2020-09-23 22:48:24
479,237,This is post 479,2022-03-29 21:13:13
480,167,This is post 480,2023-02-14 12:29:52
481,154,This is post 481,2021-07-27 15:49:18
482,433,This is post 482,2020-10-31 03:07:49
483,178,This is post 483,2021-01-11 07:21:49
484,2,This is post 484,2021-04-02 08:52:59
485,29,This is post 485,2021-11-14 04:17:11
486,342,This is post 486,2021-11-21 02:17:42
487,43,This is post 487,2022-11-09 04:51:56
488,371,This is post 488,2020-04-03 06:31:47
489,365,This is post 489,2020-08-04 10:59:23
490,499,This is post 490,2021-02-23 17:21:38
491,87,This is post 491,2022-09-17 04:38:50
492,191,This is post 492,2023-11-22 04:34:58
493,26,This is post 493,2021-06-21 20:15:16
494,129,This is post 494,2023-07-13 09:15:21
495,240,This is post 495,2022-11-19 07:25:13
496,69,This is post 496,2023-02-17 18:42:57
497,57,This is post 497,2021-11-03 07:46:06
498,157,This is post 498,2021-03-10 12:42:04
499,119,This is post 499,2023-01-23 04:31:13
500,103,This is post 500,2020-02-16 00:20:53
501,344,This is post 501,2021-07-03 14:34:56
502,90,This is post 502,2021-01-22 21:34:07
503,248,This is post 503,2021-12-10 18:13:05
504,311,This is post 504,2023-07-31 21:46:31
505,366,This is post 505,2020-01-21 14:19:05
506,109,This is post 506,2022-10-02 19:11:03
507,307,This is post 507,2022-01-25 15:25:37
508,99,This is post 508,2023-07-04 08:17:21
509,403,This is post 509,2022-08-01 09:11:24
510,209,This is post 510,2020-07-19 21:16:38
511,329,This is post 511,2023-03-02 19:27:09
512,457,This is post 512,2020-11-03 20:31:08
513,110,This is post 513,2020-11-28 05:12:31
514,402,This is post 514,2022-08-22 12:48:16
515,149,This is post 515,2020-03-31 10:26:39
516,249,This is post 516,2023-02-13 16:31:59
517,378,This is post 517,2022-12-14 01:05:58
518,328,This is post 518,2020-02-06 14:15:44
519,373,This is post 519,2023-05-11 22:21:11
520,278,This is post 520,2020-01-05 17:37:58
521,30,This is post 521,2021-09-28 02:19:58
522,20,This is post 522,2021-04-05 01:32:20
523,234,This is post 523,2022-08-06 09:24:00
524,67,This is post 524,2022-12-28 12:09:29
525,27,This is post 525,2023-11-13 21:07:38
526,437,This is post 526,2021-10-10 19:42:23
527,128,This is post 527,2021-12-12 13:33:17
528,287,This is post 528,2023-04-29 18:30:27
529,234,This is post 529,2022-12-22 01:47:11
530,94,This is post 530,2020-05-18 03:24:23
531,208,This is post 531,2023-03-06 14:55:37
532,56,This is post 532,2021-04-25 16:42:10
533,353,This is post 533,2022-05-30 22:34:07
534,265,This is post 534,2021-10-02 22:22:13
535,21,This is post 535,2022-07-12 11:19:36
536,352,This is post 536,2022-05-27 19:18:49
537,332,This is post 537,2023-08-25 17:16:54
538,207,This is post 538,2022-04-13 21:05:28
539,129,This is post 539,2020-09-28 14:38:45
540,467,This is post 540,2021-06-08 13:06:46
541,426,This is post 541,2020-08-13 13:10:57
542,322,This is post 542,2023-05-23 02:55:33
543,312,This is post 543,2023-08-21 15:21:00
544,101,This is post 544,2022-09-09 00:28:56
545,482,This is post 545,2021-05-27 04:13:16
546,142,This is post 546,2023-12-30 02:14:00
547,106,This is post 547,2023-09-28 02:38:08
548,334,This is post 548,2021-10-21 02:08:25
549,175,This is post 549,2021-02-22 07:15:32
550,36,This is post 550,2021-03-27 17:58:21
551,394,This is post 551,2022-06-11 11:00:32
552,372,This is post 552,2021-04-28 06:20:49
553,306,This is post 553,2022-09-12 10:52:26
554,217,This is post 554,2023-03-12 21:30:47
555,366,This is post 555,2023-02-03 21:27:08
556,241,This is post 556,2023-02-18 18:12:20
557,480,This is post 557,2023-07-10 18:13:20
558,228,This is post 558,2020-10-16 06:23:42
559,167,This is post 559,2022-07-05 20:32:44
560,254,This is post 560,2023-12-13 16:50:27
561,299,This is post 561,2022-05-29 22:55:19
562,71,This is post 562,2020-11-23 18:05:17
563,301,This is post 563,2020-08-10 06:13:44
564,213,This is post 564,2021-09-10 22:39:04
565,414,This is post 565,2020-07-17 10:34:12
566,260,This is post 566,2021-02-21 16:16:09
567,211,This is post 567,2023-01-31 00:04:34
568,72,This is post 568,2023-07-15 04:20:11
569,352,This is post 569,2023-03-23 22:35:54
570,63,This is post 570,2020-01-13 23:26:39
571,390,This is post 571,2022-01-01 14:48:39
572,146,This is post 572,2021-06-13 05:19:36
573,299,This is post 573,2020-09-07 02:51:44
574,285,This is post 574,2023-03-18 19:45:28
575,60,This is post 575,2020-07-01 21:17:59
576,433,This is post 576,2022-02-28 00:40:02
577,467,This is post 577,2023-06-08 08:08:23
578,75,This is post 578,2020-08-27 10:23:06
579,46,This is post 579,2021-07-22 20:25:46
580,464,This is post 580,2023-03-12 06:45:40
581,288,This is post 581,2020-05-11 22:24:57
582,400,This is post 582,2022-07-27 04:58:47
583,43,This is post 583,2020-12-15 21:15:49
584,330,This is post 584,2021-11-13 04:15:32
585,269,This is post 585,2022-09-25 01:59:55
586,292,This is post 586,2022-03-13 06:16:35
587,30,This is post 587,2020-03-01 07:57:00
588,428,This is post 588,2023-09-11 22:28:36
589,144,This is post 589,2023-06-20 04:31:39
590,471,This is post 590,2020-09-02 06:41:23
591,421,This is post 591,2020-01-22 23:31:41
592,263,This is post 592,2022-09-01 03:16:36
593,439,This is post 593,2021-06-16 22:56:25
594,278,This is post 594,2021-03-11 21:49:16
595,385,This is post 595,2020-07-21 10:08:00
596,467,This is post 596,2020-05-11 00:05:08
597,187,This is post 597,2023-11-14 03:45:58
598,30,This is post 598,2023-11-27 09:07:23
599,96,This is post 599,2022-12-19 11:06:58
600,136,This is post 600,2020-11-19 02:39:19
601,123,This is post 601,2020-12-20 12:09:51
602,437,This is post 602,2021-01-14 01:59:30
603,282,This is post 603,2021-10-30 22:52:15
604,17,This is post 604,2023-08-29 01:09:18
605,360,This is post 605,2023-05-03 06:23:35
606,415,This is post 606,2020-05-07 00:20:33
607,222,This is post 607,2023-02-14 09:54:50
608,338,This is post 608,2023-03-15 14:44:36
609,77,This is post 609,2021-01-20 16:12:47
610,29,This is post 610,2022-09-29 23:12:38
611,98,This is post 611,2021-08-31 22:06:41
612,324,This is post 612,2021-10-18 04:31:04
613,48,This is post 613,2020-02-23 05:46:23
614,359,This is post 614,2021-07-28 05:59:32
615,340,This is post 615,2023-02-21 18:38:10
616,295,This is post 616,2022-02-10 23:02:53
617,72,This is post 617,2020-12-24 06:24:23
618,367,This is post 618,2023-10-22 20:31:55
619,210,This is post 619,2022-01-21 20:22:39
620,303,This is post 620,2021-01-02 01:14:18
621,57,This is post 621,2023-03-06 18:08:20
622,397,This is post 622,2022-01-16 00:31:01
623,401,This is post 623,2023-04-10 19:44:13
624,299,This is post 624,2022-07-07 10:06:24
625,363,This is post 625,2020-01-26 11:26:59
626,123,This is post 626,2023-04-10 22:35:46
627,387,This is post 627,2022-05-19 23:10:25
628,490,This is post 628,2021-07-05 10:28:24
629,163,This is post 629,2022-02-19 09:00:04
630,130,This is post 630,2022-12-08 10:11:33
631,21,This is post 631,2021-03-29 21:02:12
632,198,This is post 632,2022-04-05 22:04:53
633,70,This is post 633,2023-07-09 07:52:33
634,82,This is post 634,2020-10-03 23:48:39
635,473,This is post 635,2022-07-09 03:20:01
636,335,This is post 636,2022-03-13 19:15:12
637,70,This is post 637,2020-08-14 10:21:44
638,28,This is post 638,2022-08-10 00:15:14
639,33,This is post 639,2022-04-23 04:43:51
640,486,This is post 640,2021-10-18 22:06:10
641,146,This is post 641,2023-07-19 15:46:41
642,90,This is post 642,2023-11-17 11:10:19
643,442,This is post 643,2023-02-20 17:32:06
644,184,This is post 644,2020-09-27 21:29:31
645,442,This is post 645,2020-06-30 19:46:35
646,126,This is post 646,2023-10-04 14:53:04
647,332,This is post 647,2022-01-10 23:02:12
648,125,This is post 648,2021-10-10 02:23:38
649,293,This is post 649,2022-08-25 03:31:31
650,416,This is post 650,2020-11-30 17:57:33
651,366,This is post 651,2022-04-17 21:18:03
652,48,This is post 652,2020-07-02 05:45:35
653,73,This is post 653,2020-08-04 18:16:08
654,311,This is post 654,2022-02-10 10:58:46
655,27,This is post 655,2023-12-16 20:28:00
656,237,This is post 656,2023-07-26 05:09:30
657,370,This is post 657,2020-10-29 17:09:08
658,415,This is post 658,2021-03-02 22:52:36
659,270,This is post 659,2021-10-07 12:40:44
660,481,This is post 660,2023-10-10 15:10:48
661,44,This is post 661,2023-12-03 22:34:44
662,277,This is post 662,2022-03-30 03:39:53
663,435,This is post 663,2022-04-07 08:31:07
664,240,This is post 664,2020-06-29 01:57:10
665,320,This is post 665,2023-11-30 07:45:14
666,416,This is post 666,2022-01-05 07:33:24
667,288,This is post 667,2022-11-19 15:21:31
668,47,This is post 668,2021-09-15 09:16:48
669,451,This is post 669,2021-07-15 02:37:12
670,32,This is post 670,2020-11-15 16:25:56
671,256,This is post 671,2020-09-01 10:30:06
672,151,This is post 672,2023-05-04 08:30:56
673,139,This is post 673,2021-03-16 00:41:35
674,65,This is post 674,2022-10-31 22:44:53
675,62,This is post 675,2020-03-12 18:53:56
676,224,This is post 676,2020-04-08 04:07:14
677,382,This is post 677,2023-03-01 05:12:09
678,306,This is post 678,2022-05-26 10:40:46
679,263,This is post 679,2022-12-05 03:33:26
680,274,This is post 680,2023-01-22 16:16:41
681,168,This is post 681,2022-05-03 13:17:00
682,398,This is post 682,2023-04-12 01:23:36
683,87,This is post 683,2023-06-21 00:58:02
684,102,This is post 684,2022-07-06 09:51:04
685,240,This is post 685,2023-01-02 08:49:57
686,391,This is post 686,2023-03-26 08:09:41
687,226,This is post 687,2022-06-07 14:54:03
688,17,This is post 688,2020-09-29 11:47:25
689,161,This is post 689,2023-05-04 12:02:49
690,12,This is post 690,2020-07-13 14:59:42
691,347,This is post 691,2020-02-06 09:25:58
692,125,This is post 692,2022-05-12 11:56:30
693,323,This is post 693,2020-12-21 13:10:44
694,130,This is post 694,2023-12-17 19:52:37
695,307,This is post 695,2023-07-19 23:35:48
696,390,This is post 696,2023-01-27 05:11:38
697,420,This is post 697,2022-10-13 22:25:11
698,432,This is post 698,2022-11-20 13:49:03
699,8,This is post 699,2023-06-24 13:29:43
700,58,This is post 700,2020-01-15 01:36:41
701,425,This is post 701,2022-05-09 23:54:18
702,453,This is post 702,2022-11-19 05:50:34
703,133,This is post 703,2020-02-03 19:20:53
704,166,This is post 704,2021-09-13 08:08:14
705,105,This is post 705,2020-03-15 02:42:52
706,463,This is post 706,2022-09-30 05:28:30
707,136,This is post 707,2020-06-27 15:21:00
708,380,This is post 708,2022-12-25 19:26:12
709,224,This is post 709,2023-10-15 12:29:34
710,488,This is post 710,2023-02-16 07:58:12
711,261,This is post 711,2020-03-13 06:28:10
712,42,This is post 712,2022-05-01 12:13:36
713,479,This is post 713,2020-03-01 03:00:38
714,331,This is post 714,2021-07-04 13:46:16
715,355,This is post 715,2023-03-02 20:21:14
716,86,This is post 716,2023-04-22 14:45:25
717,126,This is post 717,2020-07-05 14:52:00
718,172,This is post 718,2020-11-24 09:34:42
719,246,This is post 719,2022-02-25 04:32:34
720,262,This is post 720,2023-12-28 17:26:40
721,60,This is post 721,2021-09-07 08:35:29
722,479,This is post 722,2022-04-30 09:27:06
723,282,This is post 723,2022-09-14 10:34:19
724,268,This is post 724,2022-12-19 10:34:55
725,411,This is post 725,2021-06-10 08:57:43
726,126,This is post 726,2022-01-30 06:46:55
727,364,This is post 727,2022-06-29 02:05:03
728,460,This is post 728,2020-06-16 12:11:45
729,266,This is post 729,2023-04-22 02:20:19
730,170,This is post 730,2023-10-25 10:26:11
731,169,This is post 731,2023-11-26 14:49:45
732,164,This is post 732,2022-04-14 09:32:03
733,36,This is post 733,2020-10-03 08:26:37
734,181,This is post 734,2020-01-31 12:22:39
735,91,This is post 735,2022-03-22 22:25:30
736,170,This is post 736,2022-08-19 07:19:35
737,235,This is post 737,2021-10-10 15:27:27
738,244,This is post 738,2021-07-05 12:40:03
739,163,This is post 739,2021-07-27 15:23:19
740,99,This is post 740,2023-10-22 07:42:05
741,495,This is post 741,2020-12-25 02:07:37
742,310,This is post 742,2022-09-24 17:34:14
743,379,This is post 743,2023-12-26 04:59:43
744,67,This is post 744,2022-04-26 06:29:18
745,194,This is post 745,2021-09-19 18:01:33
746,494,This is post 746,2021-05-03 14:11:24
747,117,This is post 747,2021-08-01 09:07:00
748,179,This is post 748,2022-10-03 10:39:55
749,454,This is post 749,2022-07-05 13:02:11
750,263,This is post 750,2022-01-19 19:41:19
751,405,This is post 751,2020-12-26 01:50:44
752,446,This is post 752,2022-09-02 13:26:56
753,156,This is post 753,2022-02-23 07:08:57
754,122,This is post 754,2023-03-26 11:32:58
755,202,This is post 755,2020-11-02 20:10:47
756,424,This is post 756,2021-02-03 13:08:22
757,230,This is post 757,2020-11-02 10:50:59
758,368,This is post 758,2021-04-20 10:28:53
759,152,This is post 759,2020-08-10 16:49:05
760,378,This is post 760,2020-10-25 09:52:53
761,473,This is post 761,2021-09-28 09:26:22
762,319,This is post 762,2022-03-02 08:35:23
763,76,This is post 763,2020-07-26 06:12:20
764,320,This is post 764,2023-11-24 09:08:03
765,187,This is post 765,2022-05-26 22:11:17
766,495,This is post 766,2020-01-26 19:34:19
767,178,This is post 767,2022-10-10 10:55:53
768,275,This is post 768,2022-06-24 19:54:13
769,144,This is post 769,2020-07-12 10:18:32
770,422,This is post 770,2023-04-26 17:32:33
771,273,This is post 771,2022-01-17 18:28:37
772,417,This is post 772,2021-08-22 14:35:42
773,140,This is post 773,2023-07-04 04:13:28
774,265,This is post 774,2023-03-06 18:18:13
775,433,This is post 775,2022-10-27 06:47:44
776,409,This is post 776,2022-04-18 15:44:51
777,73,This is post 777,2021-12-21 08:28:11
778,411,This is post 778,2020-07-09 17:34:23
779,56,This is post 779,2022-04-18 09:49:20
780,492,This is post 780,2021-05-13 07:15:40
781,216,This is post 781,2023-04-13 13:09:01
782,119,This is post 782,2023-06-01 12:54:58
783,489,This is post 783,2020-02-15 00:13:01
784,58,This is post 784,2021-09-16 12:50:44
785,106,This is post 785,2020-06-20 02:48:18
786,476,This is post 786,2022-06-22 07:40:19
787,356,This is post 787,2020-01-26 08:44:52
788,275,This is post 788,2020-01-17 04:01:36
789,20,This is post 789,2023-05-26 21:17:28
790,367,This is post 790,2022-01-03 20:49:54
791,495,This is post 791,2020-05-13 23:21:59
792,319,This is post 792,2023-02-20 18:33:53
793,136,This is post 793,2022-01-06 01:16:19
794,293,This is post 794,2021-09-27 12:10:05
795,4,This is post 795,2020-11-23 09:07:29
796,374,This is post 796,2020-04-04 07:18:26
797,463,This is post 797,2022-05-09 22:25:35
798,53,This is post 798,2020-01-28 13:15:16
799,131,This is post 799,2023-02-10 05:13:47
800,434,This is post 800,2023-09-27 20:45:34
801,129,This is post 801,2020-09-30 19:32:43
802,311,This is post 802,2022-01-04 05:11:28
803,378,This is post 803,2020-06-18 13:03:29
804,218,This is post 804,2022-04-06 16:31:09
805,73,This is post 805,2020-11-14 06:21:56
806,21,This is post 806,2021-03-23 10:57:33
807,274,This is post 807,2023-08-28 17:30:11
808,153,This is post 808,2022-03-07 19:24:21
809,52,This is post 809,2020-07-03 22:32:59
810,142,This is post 810,2023-01-02 02:41:24
811,171,This is post 811,2023-10-12 05:22:29
812,472,This is post 812,2023-11-07 03:49:41
813,312,This is post 813,2021-06-18 01:46:24
814,364,This is post 814,2020-01-17 18:23:07
815,396,This is post 815,2021-09-21 03:57:51
816,318,This is post 816,2021-01-09 05:09:06
817,159,This is post 817,2020-10-10 18:53:38
818,366,This is post 818,2023-01-02 04:01:21
819,137,This is post 819,2020-02-11 14:22:38
820,447,This is post 820,2022-11-28 17:30:48
821,256,This is post 821,2023-03-20 14:03:36
822,138,This is post 822,2020-04-30 16:23:08
823,168,This is post 823,2021-04-20 08:45:15
824,377,This is post 824,2021-01-16 01:00:00
825,196,This is post 825,2020-05-21 01:38:17
826,90,This is post 826,2022-06-10 09:26:18
827,353,This is post 827,2022-03-28 22:57:29
828,234,This is post 828,2021-10-24 09:59:31
829,343,This is post 829,2021-03-18 04:50:41
830,368,This is post 830,2023-05-29 12:28:46
831,80,This is post 831,2021-08-23 17:30:57
832,158,This is post 832,2021-03-29 01:45:28
833,108,This is post 833,2020-09-18 04:50:10
834,170,This is post 834,2022-02-23 08:38:55
835,379,This is post 835,2023-03-28 19:56:13
836,357,This is post 836,2020-04-28 05:07:30
837,18,This is post 837,2023-08-02 12:09:42
838,330,This is post 838,2020-04-06 10:16:42
839,497,This is post 839,2023-06-30 09:06:19
840,255,This is post 840,2022-10-01 19:42:35
841,177,This is post 841,2020-12-17 01:02:43
842,450,This is post 842,2020-09-13 05:25:24
843,438,This is post 843,2022-04-28 01:49:18
844,295,This is post 844,2022-03-05 01:41:04
845,4,This is post 845,2021-07-06 22:57:34
846,51,This is post 846,2022-04-01 01:40:35
847,297,This is post 847,2021-02-16 16:22:44
848,63,This is post 848,2020-10-17 11:07:34
849,124,This is post 849,2021-07-01 19:55:29
850,439,This is post 850,2023-03-28 21:33:32
851,498,This is post 851,2022-06-14 16:15:47
852,19,This is post 852,2020-12-17 17:09:16
853,316,This is post 853,2021-09-18 19:47:07
854,262,This is post 854,2022-07-13 11:13:49
855,442,This is post 855,2023-10-04 17:44:10
856,159,This is post 856,2023-11-12 05:04:33
857,136,This is post 857,2020-09-22 08:07:45
858,214,This is post 858,2021-07-27 00:38:01
859,411,This is post 859,2023-06-04 01:29:45
860,223,This is post 860,2022-10-29 10:37:20
861,188,This is post 861,2023-02-04 11:59:01
862,390,This is post 862,2023-10-11 19:05:28
863,199,This is post 863,2023-09-20 00:11:43
864,479,This is post 864,2021-10-31 05:56:55
865,166,This is post 865,2020-11-11 06:42:48
866,261,This is post 866,2023-06-07 00:22:18
867,460,This is post 867,2020-11-04 19:43:58
868,123,This is post 868,2020-05-20 00:38:39
869,214,This is post 869,2022-07-10 07:30:02
870,47,This is post 870,2020-06-22 16:05:55
871,60,This is post 871,2021-04-08 06:42:22
872,391,This is post 872,2022-06-26 13:39:50
873,195,This is post 873,2022-06-25 16:31:00
874,345,This is post 874,2020-07-25 05:25:19
875,32,This is post 875,2021-01-28 12:56:33
876,28,This is post 876,2020-06-22 22:23:31
877,255,This is post 877,2022-12-27 14:00:15
878,473,This is post 878,2020-05-05 23:46:02
879,323,This is post 879,2021-05-10 01:35:01
880,1,This is post 880,2023-06-13 04:46:01
881,486,This is post 881,2021-10-04 08:40:47
882,279,This is post 882,2021-05-13 08:26:15
883,317,This is post 883,2021-05-17 09:51:55
884,416,This is post 884,2020-02-29 14:03:53
885,81,This is post 885,2020-12-18 10:57:16
886,113,This is post 886,2020-10-04 11:33:59
887,300,This is post 887,2021-10-03 06:19:26
888,367,This is post 888,2020-05-10 16:15:54
889,303,This is post 889,2021-05-14 22:00:36
890,382,This is post 890,2020-12-02 02:26:13
891,182,This is post 891,2023-10-19 17:47:04
892,138,This is post 892,2022-01-04 01:22:26
893,452,This is post 893,2020-10-13 19:03:15
894,317,This is post 894,2021-01-06 10:10:55
895,342,This is post 895,2022-10-23 23:00:41
896,156,This is post 896,2020-05-26 12:37:11
897,420,This is post 897,2023-10-19 22:41:15
898,125,This is post 898,2021-01-01 11:32:40
899,182,This is post 899,2022-04-09 20:30:49
900,330,This is post 900,2023-11-20 01:00:12
901,349,This is post 901,2020-03-21 03:34:39
902,66,This is post 902,2023-01-17 09:18:29
903,339,This is post 903,2023-08-29 02:59:46
904,453,This is post 904,2023-04-05 20:03:44
905,332,This is post 905,2021-08-10 22:20:02
906,206,This is post 906,2020-06-08 12:20:08
907,126,This is post 907,2020-04-23 08:42:34
908,432,This is post 908,2020-09-18 04:59:10
909,349,This is post 909,2022-02-08 09:46:53
910,119,This is post 910,2022-06-05 06:34:35
911,416,This is post 911,2022-05-23 08:10:34
912,332,This is post 912,2023-05-04 10:47:54
913,9,This is post 913,2021-05-05 06:31:15
914,491,This is post 914,2021-02-28 05:21:30
915,330,This is post 915,2021-12-01 19:44:54
916,435,This is post 916,2023-07-25 06:02:09
917,153,This is post 917,2021-02-17 03:59:19
918,20,This is post 918,2022-10-29 12:17:38
919,56,This is post 919,2020-12-21 15:28:44
920,331,This is post 920,2022-06-15 19:49:21
921,298,This is post 921,2020-07-26 09:40:56
922,480,This is post 922,2020-06-24 21:41:08
923,24,This is post 923,2022-06-14 13:14:45
924,489,This is post 924,2021-03-28 04:48:09
925,330,This is post 925,2020-09-17 08:38:17
926,325,This is post 926,2022-03-14 12:09:54
927,160,This is post 927,2020-10-26 19:53:07
928,78,This is post 928,2020-10-22 12:26:20
929,344,This is post 929,2022-08-29 03:42:13
930,236,This is post 930,2020-10-01 14:46:28
931,154,This is post 931,2023-01-18 16:12:59
932,462,This is post 932,2021-01-12 17:32:13
933,354,This is post 933,2020-12-29 02:50:41
934,79,This is post 934,2021-01-13 09:51:35
935,339,This is post 935,2021-03-09 10:48:44
936,420,This is post 936,2022-03-27 05:26:37
937,377,This is post 937,2021-04-05 07:23:37
938,461,This is post 938,2023-04-11 15:58:16
939,144,This is post 939,2020-12-29 07:21:17
940,230,This is post 940,2020-04-21 09:01:00
941,154,This is post 941,2021-10-07 19:46:47
942,179,This is post 942,2021-12-31 04:55:23
943,499,This is post 943,2022-08-05 04:47:24
944,203,This is post 944,2022-06-10 22:52:16
945,460,This is post 945,2022-03-03 14:38:03
946,463,This is post 946,2023-11-16 21:24:52
947,50,This is post 947,2022-05-24 22:06:43
948,273,This is post 948,2022-01-02 22:05:21
949,250,This is post 949,2021-07-08 04:33:28
950,465,This is post 950,2021-09-10 17:59:20
951,157,This is post 951,2022-01-16 23:21:58
952,188,This is post 952,2021-02-10 10:07:56
953,409,This is post 953,2021-04-14 10:25:43
954,200,This is post 954,2020-02-19 01:59:58
955,148,This is post 955,2021-12-09 19:46:34
956,114,This is post 956,2020-07-18 06:48:44
957,382,This is post 957,2022-04-20 15:29:30
958,301,This is post 958,2020-04-14 04:11:06
959,380,This is post 959,2020-06-28 00:40:38
960,477,This is post 960,2021-07-02 10:05:53
961,412,This is post 961,2020-02-28 07:47:20
962,299,This is post 962,2021-05-03 09:15:35
963,308,This is post 963,2023-11-09 15:50:12
964,62,This is post 964,2022-04-30 23:39:05
965,174,This is post 965,2020-05-20 20:25:00
966,230,This is post 966,2020-09-25 21:13:51
967,314,This is post 967,2021-07-26 04:32:21
968,387,This is post 968,2020-11-30 13:45:12
969,83,This is post 969,2020-11-26 21:55:49
970,320,This is post 970,2023-08-06 11:41:54
971,366,This is post 971,2022-04-06 23:02:57
972,327,This is post 972,2022-09-05 03:51:37
973,83,This is post 973,2023-12-17 21:22:38
974,443,This is post 974,2022-05-13 19:09:05
975,323,This is post 975,2023-09-14 18:41:13
976,392,This is post 976,2022-06-28 20:48:50
977,51,This is post 977,2021-10-09 15:21:31
978,71,This is post 978,2021-08-25 22:45:32
979,186,This is post 979,2023-08-01 11:17:21
980,248,This is post 980,2023-07-02 14:43:08
981,59,This is post 981,2020-08-20 00:20:22
982,209,This is post 982,2020-03-31 03:17:05
983,356,This is post 983,2020-04-28 16:06:16
984,198,This is post 984,2020-02-19 08:51:21
985,95,This is post 985,2021-02-18 05:23:13
986,202,This is post 986,2022-06-21 19:21:43
987,51,This is post 987,2020-12-09 05:40:46
988,276,This is post 988,2020-03-23 09:08:40
989,319,This is post 989,2021-11-12 07:25:21
990,377,This is post 990,2020-11-24 16:16:58
991,198,This is post 991,2023-09-28 03:45:04
992,163,This is post 992,2023-07-26 08:41:58
993,111,This is post 993,2022-01-12 10:35:54
994,253,This is post 994,2023-03-05 16:52:55
995,467,This is post 995,2021-07-03 11:39:42
996,268,This is post 996,2020-04-12 03:02:47
997,57,This is post 997,2023-10-29 20:07:55
998,161,This is post 998,2021-07-15 10:33:14
999,331,This is post 999,2021-11-07 16:37:09
1000,435,This is post 1000,2023-11-10 19:11:00
